participant_id,session_id,block_index,task_index,question_index,task_type,condition,time_s,answer,answer_correct,confidence,helpfulness,chat_turn_count,hidden_count,hide_recall,ctrl_f_count,text_select_count,click_count,mouse_move_px,page_visit_count,question_or_task
9,9,0,0,0,find,extension,21.909,Approximately $2.08 billion,True,very,very,1,0,,0,0,0,249,0,How much did Taylor Swift earn from the Eras Tour?
9,9,0,0,1,find,extension,53.331,Dejima,True,very,very,1,0,,0,0,0,198,0,Which small artificial island in Nagasaki Bay was used to confine foreign traders during Japan's isolation period?
9,9,0,0,2,find,extension,50.902,About 2°F (1°C) warmer,True,very,very,1,0,,0,0,0,0,0,How much has global temperature increased since the late 19th century?
9,9,0,1,0,guide,extension,89.707,completed,,very,very,1,0,,0,0,8,13848,2,How to create an appointment schedule and a booking page?
9,9,0,1,1,guide,extension,45.203,completed,,very,very,1,0,,0,0,2,1445,3,How do I change my user ID
9,9,0,1,2,guide,extension,65.036,completed,,very,very,1,0,,0,0,0,0,3,How do I turn on vacation responder?
9,9,0,2,0,hide,extension,32.293,completed,,very,very,1,10,0.636,0,0,1,214,0,Hide posts about credit
9,9,0,2,1,hide,extension,26.461,completed,,very,very,1,7,0.6,0,0,0,0,0,Hide negative comments about ronaldo
9,9,0,2,2,hide,extension,124.509,completed,,very,very,2,11,1.0,0,0,0,0,0,"Hide posts about openclaw or clawbot, etc"
12,12,0,0,0,find,control,53.006,This phase begins once the third review has been submitted,True,very,,0,0,,0,1,1,963,0,when could the authors reply back to the reviewers comments
12,12,0,0,1,find,control,78.815,Lighting that allows playing at night,True,somewhat,,0,0,,1,1,2,2569,0,What makes the Chanhassen Pickleball Complex appealing to players after sunset?
12,12,0,0,2,find,control,177.65,Scoring was simplified to a point system,False,somewhat,,0,0,,0,2,3,3543,2,What is one major change in the rules compared with the early version of tennis?
12,12,0,1,0,guide,control,76.563,completed,,very,,0,0,,0,0,13,7747,10,How do I set up email forwarding in Gmail?
12,12,0,1,1,guide,control,33.329,failed,,notsure,,0,0,,0,0,5,2679,0,How can you highlight duplicate values in a column using conditional formatting?
12,12,0,1,2,guide,control,64.238,partial,,guessed,,0,0,,0,0,9,3408,11,How do I change my user ID
12,12,0,2,0,hide,control,107.359,partial,,somewhat,,0,1,0.0,0,0,0,0,0,hide negative comments about jobs
12,12,0,2,1,hide,control,116.442,completed,,somewhat,,0,17,0.636,1,0,17,10333,0,Hide posts about credit
12,12,0,2,2,hide,control,41.78,completed,,somewhat,,0,5,0.6,0,0,6,2718,0,Hide negative comments about ronaldo
16,16,0,0,0,find,extension,169.315,It immediately ended armed resistance inside France,False,somewhat,not,1,0,,0,0,0,0,0,Why did the execution of Louis XVI intensify the conflict between revolutionary and counter-revolutionary forces?
16,16,0,0,1,find,extension,20.282,This phase begins once the third review has been submitted,True,somewhat,somewhat,1,0,,0,1,1,1915,0,when could the authors reply back to the reviewers comments
16,16,0,0,2,find,extension,105.433,Lighting that allows playing at night,True,somewhat,somewhat,1,0,,0,0,4,4737,0,What makes the Chanhassen Pickleball Complex appealing to players after sunset?
16,16,0,1,0,guide,extension,139.314,failed,,notsure,not,1,0,,0,0,5,3165,0,How can you freeze the first row in a Google Sheet so it stays visible when scrolling?
16,16,0,1,1,guide,extension,37.73,completed,,very,very,1,0,,0,0,5,5642,2,How do I change my user ID
16,16,0,1,2,guide,extension,93.811,completed,,very,very,1,0,,0,0,12,8787,4,How do I turn on vacation responder?
16,16,0,2,0,hide,extension,64.19,completed,,very,very,1,15,0.2,0,0,20,3036,0,Hide negative comments about ronaldo
16,16,0,2,1,hide,extension,32.38,completed,,very,very,1,5,0.375,0,0,7,901,0,"Hide posts about openclaw or clawbot, etc"
16,16,0,2,2,hide,extension,47.897,completed,,somewhat,somewhat,1,5,0.0,0,0,8,5436,0,hideo videos that have advance skills of badminton
38,38,0,0,0,find,extension,87.535,The net height was standardized and service rules changed,True,somewhat,somewhat,1,0,,0,0,0,2599,0,What is one major change in the rules compared with the early version of tennis?
38,38,0,0,1,find,extension,21.818,Approximately $2.08 billion,True,very,very,1,0,,0,0,1,1397,0,How much did Taylor Swift earn from the Eras Tour?
38,38,0,1,0,guide,extension,134.474,partial,,notsure,somewhat,0,0,,0,0,1,855,7,How can you create a view that only shows tasks marked as “Completed”?
38,38,0,1,1,guide,extension,43.012,completed,,very,very,1,0,,0,0,12,4348,0,How can you move the price scale so it appears on the left side of the chart instead of the default position?
38,38,0,2,0,hide,extension,35.729,completed,,notsure,somewhat,1,11,0.636,0,0,0,0,0,Hide posts about credit
38,38,0,2,1,hide,extension,31.048,completed,,somewhat,very,1,7,0.6,0,0,1,883,0,Hide negative comments about ronaldo
39,39,0,0,0,find,extension,37.658,Approximately $2.08 billion,True,very,very,1,0,,0,0,1,1255,0,How much did Taylor Swift earn from the Eras Tour?
39,39,0,0,1,find,extension,21.896,Dejima,True,somewhat,very,1,0,,0,0,0,0,0,Which small artificial island in Nagasaki Bay was used to confine foreign traders during Japan's isolation period?
39,39,0,1,0,guide,extension,50.662,partial,,very,very,1,0,,0,0,5,510,0,Make the sprite move to the mouse pointer continuously.
39,39,0,1,1,guide,extension,92.898,completed,,very,very,1,0,,0,0,5,4825,3,How can you highlight duplicate values in a column using conditional formatting?
39,39,0,2,0,hide,extension,27.46,completed,,very,very,1,11,1.0,0,0,3,1239,0,"Hide posts about openclaw or clawbot, etc"
39,39,0,2,1,hide,extension,40.631,failed,,very,not,1,15,0.342,0,0,3,3646,0,hideo videos that have advance skills of badminton
40,40,0,0,0,find,extension,26.598,About 2°F (1°C) warmer,True,very,very,1,0,,0,0,0,916,0,How much has global temperature increased since the late 19th century?
40,40,0,0,1,find,extension,33.28,It has significantly increased over the decades,True,somewhat,somewhat,1,0,,0,0,0,2051,0,How has the prevalence of diagnosed diabetes changed over time?
40,40,0,1,0,guide,extension,53.942,completed,,very,very,1,0,,0,0,1,602,3,How can you freeze the first row in a Google Sheet so it stays visible when scrolling?
40,40,0,1,1,guide,extension,65.046,completed,,very,very,1,0,,0,0,1,1310,2,How can you add page numbers to a Google Doc but start numbering from page 2 instead of page 1?
40,40,0,2,0,hide,extension,60.98,failed,,somewhat,not,1,15,0.317,0,0,1,2151,0,Hide videos that are not related to Optimal Transport
40,40,0,2,1,hide,extension,31.744,completed,,very,very,1,15,0.0,0,0,1,4195,0,hide negative comments about taylor swift
72,72,0,0,0,find,control,40.928,Dejima,True,very,,0,0,,1,0,1,1793,0,Which small artificial island in Nagasaki Bay was used to confine foreign traders during Japan's isolation period?
78,78,0,0,0,find,control,42.806,Approximately $2.08 billion,True,very,,0,0,,0,1,1,5251,0,How much did Taylor Swift earn from the Eras Tour?
71,71,0,0,0,find,extension,61.334,Edgbaston (Birmingham) England in the 1860s,True,somewhat,somewhat,1,0,,0,0,1,5071,0,Where and when was tennis first played in something like its modern form?
74,74,0,0,0,find,control,50.753,The Fasting Blood Glucose Test — requires 8+ hours of fasting; measures baseline blood glucose level,True,very,,0,0,,1,0,1,2314,0,"Which diabetes diagnostic test requires fasting beforehand, and what does the test measure?"
78,78,1,0,1,find,extension,23.596,Dejima,True,very,very,1,0,,0,0,1,1468,0,Which small artificial island in Nagasaki Bay was used to confine foreign traders during Japan's isolation period?
86,86,0,0,0,find,control,41.532,Ocean warming,True,very,,0,0,,1,0,0,0,0,Which type of evidence shows that oceans are absorbing excess heat from global warming?
81,81,0,0,0,find,extension,61.095,Quebrada Carhuasanta,True,very,very,1,0,,0,0,0,0,0,Which stream emerges from Nevado Mismi before eventually contributing to the Apurímac River system?
70,70,0,0,0,find,control,96.684,Lighting that allows playing at night,True,very,,0,0,,0,0,0,0,0,What makes the Chanhassen Pickleball Complex appealing to players after sunset?
85,85,0,0,0,find,extension,29.422,Dejima,True,somewhat,somewhat,1,0,,0,0,1,0,0,Which small artificial island in Nagasaki Bay was used to confine foreign traders during Japan's isolation period?
87,87,0,0,0,find,extension,47.582,The Fasting Blood Glucose Test — requires 8+ hours of fasting; measures baseline blood glucose level,True,very,very,1,0,,0,0,0,0,0,"Which diabetes diagnostic test requires fasting beforehand, and what does the test measure?"
79,79,0,0,0,find,extension,82.477,About 2°F (1°C) warmer,True,very,very,1,0,,0,0,0,0,0,How much has global temperature increased since the late 19th century?
83,83,0,0,0,find,extension,54.374,Lighting that allows playing at night,True,very,very,1,0,,0,0,0,0,0,What makes the Chanhassen Pickleball Complex appealing to players after sunset?
75,75,0,0,0,find,extension,74.712,About 20% has been cleared or degraded,True,somewhat,very,1,0,,0,0,0,0,0,How much of the Amazon rainforest has been lost?
89,89,0,0,0,find,extension,70.569,This phase begins once the third review has been submitted,True,very,very,1,0,,0,0,0,1634,0,when could the authors reply back to the reviewers comments
84,84,0,0,0,find,control,45.391,Edgbaston (Birmingham) England in the 1860s,True,somewhat,,0,0,,0,1,2,4765,0,Where and when was tennis first played in something like its modern form?
91,91,0,0,0,find,extension,65.785,Approximately $2.08 billion,True,very,very,1,0,,0,0,0,0,0,How much did Taylor Swift earn from the Eras Tour?
85,85,1,0,1,find,control,15.844,About 2°F (1°C) warmer,True,very,,0,0,,1,0,0,2593,0,How much has global temperature increased since the late 19th century?
73,73,0,0,0,find,extension,54.71,Ocean warming,True,somewhat,very,1,0,,0,0,0,1626,0,Which type of evidence shows that oceans are absorbing excess heat from global warming?
71,71,1,0,1,find,control,44.273,Approximately $2.08 billion,True,somewhat,,0,0,,2,0,0,3040,0,How much did Taylor Swift earn from the Eras Tour?
86,86,1,0,1,find,extension,32.526,It has significantly increased over the decades,True,very,somewhat,1,0,,0,0,0,0,0,How has the prevalence of diagnosed diabetes changed over time?
87,87,1,0,1,find,control,33.253,Quebrada Carhuasanta,True,somewhat,,0,0,,1,0,0,3005,0,Which stream emerges from Nevado Mismi before eventually contributing to the Apurímac River system?
72,72,1,0,1,find,extension,89.148,About 2°F (1°C) warmer,True,somewhat,somewhat,1,0,,0,0,0,0,0,How much has global temperature increased since the late 19th century?
90,90,0,0,0,find,control,72.225,The court size was doubled,False,somewhat,,0,0,,0,0,4,5432,0,What is one major change in the rules compared with the early version of tennis?
84,84,1,0,1,find,extension,24.809,Approximately $2.08 billion,True,very,very,1,0,,0,0,1,2068,0,How much did Taylor Swift earn from the Eras Tour?
78,78,2,1,0,guide,control,49.864,failed,,notsure,,0,0,,0,0,9,7782,0,How can you highlight duplicate values in a column using conditional formatting?
74,74,1,0,1,find,extension,71.864,Quebrada Carhuasanta,True,very,unused,0,0,,1,1,1,5226,0,Which stream emerges from Nevado Mismi before eventually contributing to the Apurímac River system?
92,92,0,0,0,find,control,22.114,About 2°F (1°C) warmer,True,very,,0,0,,1,1,1,2834,0,How much has global temperature increased since the late 19th century?
76,76,0,0,0,find,control,152.212,This phase begins once the third review has been submitted,True,somewhat,,0,0,,0,0,0,0,0,when could the authors reply back to the reviewers comments
91,91,1,0,1,find,control,56.721,Dejima,True,very,,0,0,,1,0,1,10006,0,Which small artificial island in Nagasaki Bay was used to confine foreign traders during Japan's isolation period?
86,86,2,1,0,guide,control,38.825,failed,,notsure,,0,0,,0,0,0,0,2,How can you add page numbers to a Google Doc but start numbering from page 2 instead of page 1?
89,89,1,0,1,find,control,67.924,Lighting that allows playing at night,True,somewhat,,0,0,,0,0,1,2208,0,What makes the Chanhassen Pickleball Complex appealing to players after sunset?
92,92,1,0,1,find,extension,25.036,It has significantly increased over the decades,True,somewhat,very,1,0,,0,0,0,0,0,How has the prevalence of diagnosed diabetes changed over time?
72,72,2,1,0,guide,control,46.502,completed,,very,,0,0,,0,0,5,4722,1,How can you add page numbers to a Google Doc but start numbering from page 2 instead of page 1?
78,78,3,1,1,guide,extension,42.118,completed,,very,very,1,0,,0,0,4,2314,0,How can you add page numbers to a Google Doc but start numbering from page 2 instead of page 1?
75,75,1,0,1,find,control,50.419,It united European monarchies against France,True,notsure,,0,0,,0,0,0,0,0,Why did the execution of Louis XVI intensify the conflict between revolutionary and counter-revolutionary forces?
93,93,0,0,0,find,extension,40.596,It has significantly increased over the decades,True,somewhat,somewhat,1,0,,0,0,0,1320,0,How has the prevalence of diagnosed diabetes changed over time?
85,85,2,1,0,guide,extension,46.439,completed,,notsure,somewhat,1,0,,0,0,6,6434,0,How can you highlight duplicate values in a column using conditional formatting?
70,70,1,0,1,find,extension,95.462,The net height was standardized and service rules changed,True,notsure,somewhat,1,0,,0,0,0,826,0,What is one major change in the rules compared with the early version of tennis?
80,80,0,0,0,find,control,180.008,It has significantly increased over the decades,True,very,,0,0,,1,3,9,7080,0,How has the prevalence of diagnosed diabetes changed over time?
84,84,2,1,0,guide,control,63.01,completed,,very,,0,0,,0,0,14,8488,0,How can you move the price scale so it appears on the left side of the chart instead of the default position?
82,82,0,0,0,find,control,178.263,It united European monarchies against France,True,guessed,,0,0,,0,0,0,0,0,Why did the execution of Louis XVI intensify the conflict between revolutionary and counter-revolutionary forces?
83,83,1,0,1,find,control,126.995,The net height was standardized and service rules changed,True,somewhat,,0,0,,1,0,0,2133,0,What is one major change in the rules compared with the early version of tennis?
76,76,1,0,1,find,extension,48.269,Lighting that allows playing at night,True,very,very,1,0,,0,0,2,2007,0,What makes the Chanhassen Pickleball Complex appealing to players after sunset?
79,79,1,0,1,find,control,130.833,It has significantly increased over the decades,True,somewhat,,0,0,,0,0,0,18739,0,How has the prevalence of diagnosed diabetes changed over time?
90,90,1,0,1,find,extension,97.985,Approximately $2.08 billion,True,very,unused,0,0,,0,0,0,6055,0,How much did Taylor Swift earn from the Eras Tour?
85,85,3,1,1,guide,control,24.597,completed,,very,,0,0,,0,0,9,3869,3,How can you add page numbers to a Google Doc but start numbering from page 2 instead of page 1?
81,81,1,0,1,find,control,180.009,More than 50% has been lost,False,notsure,,0,0,,2,1,7,9216,0,How much of the Amazon rainforest has been lost?
86,86,3,1,1,guide,extension,63.27,completed,,somewhat,very,1,0,,0,0,9,2196,1,How can you change the position of slide numbers for all slides in a Google Slides presentation?
73,73,1,0,1,find,control,133.527,It has significantly increased over the decades,True,somewhat,,0,0,,0,0,0,0,0,How has the prevalence of diagnosed diabetes changed over time?
88,88,0,0,0,find,control,99.028,More than 50% has been lost,False,very,,0,0,,0,0,0,5460,0,How much of the Amazon rainforest has been lost?
75,75,2,1,0,guide,extension,56.32,completed,,very,very,1,0,,0,0,6,6009,0,How can you freeze the first row in a Google Sheet so it stays visible when scrolling?
91,91,2,1,0,guide,extension,88.809,partial,,very,very,1,0,,0,0,7,6197,0,How can you move the price scale so it appears on the left side of the chart instead of the default position?
80,80,1,0,1,find,extension,65.533,Quebrada Carhuasanta,True,very,very,1,0,,0,0,0,4666,0,Which stream emerges from Nevado Mismi before eventually contributing to the Apurímac River system?
93,93,1,0,1,find,control,92.697,Quebrada Carhuasanta,True,very,,0,0,,1,1,4,6864,0,Which stream emerges from Nevado Mismi before eventually contributing to the Apurímac River system?
92,92,2,1,0,guide,control,92.345,failed,,guessed,,0,0,,0,0,26,17433,0,How can you highlight duplicate values in a column using conditional formatting?
94,94,0,0,0,find,control,128.745,Apurímac River,False,guessed,,0,0,,1,1,1,8960,0,Which stream emerges from Nevado Mismi before eventually contributing to the Apurímac River system?
85,85,4,2,0,hide,extension,27.341,completed,,very,very,1,15,0.3,0,0,1,1218,0,Hide videos that are not related to Optimal Transport
71,71,2,1,0,guide,extension,180.0,partial,,somewhat,not,1,0,,0,0,27,30262,0,How can you highlight duplicate values in a column using conditional formatting?
83,83,2,1,0,guide,extension,46.223,completed,,somewhat,very,1,0,,0,0,4,2780,2,How can you change the position of slide numbers for all slides in a Google Slides presentation?
78,78,4,2,0,hide,control,112.457,failed,,guessed,,0,1,0.0,0,0,11,9039,1,Hide posts about credit
75,75,3,1,1,guide,control,23.903,completed,,very,,0,0,,0,0,4,2113,1,How can you add page numbers to a Google Doc but start numbering from page 2 instead of page 1?
89,89,2,1,0,guide,extension,116.822,completed,,very,very,2,0,,0,0,5,7541,1,How can you freeze the first row in a Google Sheet so it stays visible when scrolling?
87,87,2,1,0,guide,extension,180.003,partial,,notsure,not,2,0,,0,0,2,3770,3,How can you create a view that only shows tasks marked as “Completed”?
70,70,2,1,0,guide,control,96.626,completed,,very,,0,0,,0,0,15,22437,0,How can you move the price scale so it appears on the left side of the chart instead of the default position?
86,86,4,2,0,hide,control,52.919,completed,,somewhat,,0,7,1.0,0,0,16,732,6,hide negative comments about this movie
79,79,2,1,0,guide,extension,66.631,completed,,very,very,1,0,,0,0,4,6067,0,How can you add page numbers to a Google Doc but start numbering from page 2 instead of page 1?
74,74,2,1,0,guide,control,180.015,failed,,notsure,,0,0,,0,0,15,13301,3,Make the sprite move to the mouse pointer continuously.
78,78,5,2,1,hide,extension,24.07,completed,,very,very,1,7,0.6,0,0,1,773,0,Hide negative comments about ronaldo
86,86,5,2,1,hide,extension,20.92,completed,,very,very,1,4,1.0,0,0,1,0,0,Hide conference acceptance notifitcations
76,76,2,1,0,guide,control,94.161,failed,,notsure,,0,0,,0,0,9,4341,0,How can you change the position of slide numbers for all slides in a Google Slides presentation?
89,89,3,1,1,guide,control,29.168,completed,,very,,0,0,,0,0,6,3093,3,How can you add page numbers to a Google Doc but start numbering from page 2 instead of page 1?
71,71,3,1,1,guide,control,42.992,completed,,very,,0,0,,0,0,17,11743,1,How can you add page numbers to a Google Doc but start numbering from page 2 instead of page 1?
95,95,0,0,0,find,extension,180.001,It caused France's allies to abandon the revolution,False,notsure,unused,0,0,,0,0,0,0,0,Why did the execution of Louis XVI intensify the conflict between revolutionary and counter-revolutionary forces?
85,85,5,2,1,hide,control,48.68,completed,,somewhat,,0,7,1.0,0,0,9,6974,0,hide negative comments about taylor swift
72,72,3,1,1,guide,extension,138.047,completed,,very,very,2,0,,0,0,5,4498,1,How can you change the position of slide numbers for all slides in a Google Slides presentation?
75,75,4,2,0,hide,extension,34.387,completed,,very,very,1,15,0.3,0,0,1,1251,0,Hide videos that are not related to Optimal Transport
92,92,3,1,1,guide,extension,59.094,completed,,very,very,1,0,,0,0,8,11014,1,How can you add page numbers to a Google Doc but start numbering from page 2 instead of page 1?
80,80,2,1,0,guide,control,83.398,completed,,somewhat,,0,0,,1,1,3,4895,0,How can you create a view that only shows tasks marked as “Completed”?
82,82,1,0,1,find,extension,120.196,This phase begins once the third review has been submitted,True,somewhat,very,1,0,,0,0,0,0,0,when could the authors reply back to the reviewers comments
93,93,2,1,0,guide,extension,83.776,partial,,notsure,not,1,0,,0,0,5,8738,1,How can you add page numbers to a Google Doc but start numbering from page 2 instead of page 1?
89,89,4,2,0,hide,extension,42.133,completed,,very,very,1,11,1.0,0,0,1,5380,0,"Hide posts about openclaw or clawbot, etc"
71,71,4,2,0,hide,extension,42.446,completed,,very,very,1,10,1.0,0,0,1,6982,0,hide negative comments about this movie
73,73,2,1,0,guide,extension,131.091,completed,,somewhat,very,0,0,,0,0,0,0,0,How can you create a view that only shows tasks marked as “Completed”?
84,84,3,1,1,guide,extension,180.0,partial,,very,somewhat,1,0,,0,0,19,50305,0,Make the sprite move to the mouse pointer continuously.
83,83,3,1,1,guide,control,88.561,partial,,guessed,,0,0,,0,0,0,0,0,How can you create a view that only shows tasks marked as “Completed”?
82,82,2,1,0,guide,control,14.289,completed,,very,,0,0,,0,0,4,3434,0,How can you freeze the first row in a Google Sheet so it stays visible when scrolling?
72,72,4,2,0,hide,control,63.47,partial,,notsure,,0,8,0.333,0,0,12,6759,1,Hide advertisements
90,90,2,1,0,guide,control,174.647,failed,,guessed,,0,0,,0,0,49,25187,6,How can you change the position of slide numbers for all slides in a Google Slides presentation?
75,75,5,2,1,hide,control,55.829,partial,,somewhat,,0,4,0.15,0,0,8,7634,0,hide negative comments about taylor swift
93,93,3,1,1,guide,control,38.984,completed,,somewhat,,0,0,,0,0,3,3226,0,How can you change the position of slide numbers for all slides in a Google Slides presentation?
95,95,1,0,1,find,control,73.212,This phase begins once the third review has been submitted,True,very,,0,0,,0,0,0,0,0,when could the authors reply back to the reviewers comments
76,76,3,1,1,guide,extension,85.9,failed,,notsure,very,1,0,,0,0,1,1197,3,How can you create a view that only shows tasks marked as “Completed”?
83,83,4,2,0,hide,extension,23.863,completed,,very,very,1,15,0.909,0,0,1,522,0,Hide posts about credit
87,87,3,1,1,guide,control,130.937,completed,,very,,0,0,,1,0,29,21546,0,How can you move the price scale so it appears on the left side of the chart instead of the default position?
81,81,2,1,0,guide,extension,180.011,failed,,notsure,somewhat,1,0,,2,0,38,34298,0,Make the sprite move to the mouse pointer continuously.
74,74,3,1,1,guide,extension,103.371,completed,,very,very,1,0,,0,0,13,10237,0,How can you highlight duplicate values in a column using conditional formatting?
94,94,1,0,1,find,extension,118.457,About 20% has been cleared or degraded,True,notsure,somewhat,1,0,,0,0,0,0,0,How much of the Amazon rainforest has been lost?
88,88,1,0,1,find,extension,180.028,It united European monarchies against France,True,guessed,unused,0,0,,1,8,16,12287,0,Why did the execution of Louis XVI intensify the conflict between revolutionary and counter-revolutionary forces?
91,91,3,1,1,guide,control,180.998,failed,,notsure,,0,0,,0,0,74,37242,0,Make the sprite move to the mouse pointer continuously.
92,92,4,2,0,hide,control,84.165,completed,,notsure,,0,17,0.667,0,0,20,9284,0,Hide advertisements
89,89,5,2,1,hide,control,68.043,partial,,somewhat,,0,5,0.063,0,0,5,6435,0,hideo videos that have advance skills of badminton
79,79,3,1,1,guide,control,134.297,partial,,notsure,,0,0,,0,0,22,32693,7,How can you change the position of slide numbers for all slides in a Google Slides presentation?
70,70,3,1,1,guide,extension,180.002,partial,,notsure,somewhat,1,0,,0,0,32,40286,0,Make the sprite move to the mouse pointer continuously.
92,92,5,2,1,hide,extension,15.229,completed,,somewhat,somewhat,1,15,0.769,0,0,1,866,0,hide negative comments about jobs
76,76,4,2,0,hide,control,48.514,completed,,somewhat,,0,1,0.0,0,0,1,2309,0,hide negative comments about this movie
87,87,4,2,0,hide,extension,48.45,completed,,notsure,somewhat,1,13,0.833,0,0,8,4438,0,Hide advertisements
91,91,4,2,0,hide,extension,31.746,completed,,very,very,1,10,0.75,0,0,1,2758,0,hide negative comments about this movie
72,72,5,2,1,hide,extension,68.923,completed,,notsure,very,1,15,0.923,0,0,1,861,0,hide negative comments about jobs
94,94,2,1,0,guide,control,44.643,failed,,guessed,,0,0,,0,0,1,4870,0,How can you create a view that only shows tasks marked as “Completed”?
93,93,4,2,0,hide,extension,68.162,completed,,somewhat,very,1,15,0.636,0,0,2,2637,0,Hide posts about credit
71,71,5,2,1,hide,control,118.845,completed,,somewhat,,0,3,1.0,1,0,7,13160,0,Hide conference acceptance notifitcations
73,73,3,1,1,guide,control,117.73,completed,,very,,0,0,,0,1,73,39130,0,How can you move the price scale so it appears on the left side of the chart instead of the default position?
79,79,4,2,0,hide,extension,40.732,completed,,very,very,1,11,1.0,0,0,1,3412,0,"Hide posts about openclaw or clawbot, etc"
82,82,3,1,1,guide,extension,112.062,partial,,very,very,1,0,,0,0,47,29959,5,How can you add page numbers to a Google Doc but start numbering from page 2 instead of page 1?
84,84,4,2,0,hide,control,148.732,partial,,notsure,,0,7,0.25,0,0,8,16366,0,"Hide posts about openclaw or clawbot, etc"
74,74,4,2,0,hide,control,104.49,partial,,somewhat,,0,4,0.25,0,0,11,6831,0,"Hide posts about openclaw or clawbot, etc"
70,70,4,2,0,hide,control,60.496,partial,,notsure,,0,18,1.0,0,0,24,5809,0,Hide videos that are not related to Optimal Transport
76,76,5,2,1,hide,extension,52.528,completed,,somewhat,somewhat,1,3,1.0,0,0,1,1209,0,Hide conference acceptance notifitcations
80,80,3,1,1,guide,extension,180.011,completed,,somewhat,somewhat,3,0,,0,0,15,33354,0,How can you move the price scale so it appears on the left side of the chart instead of the default position?
73,73,4,2,0,hide,extension,29.113,completed,,somewhat,very,1,15,0.727,0,0,1,5891,0,Hide posts about credit
84,84,5,2,1,hide,extension,26.996,completed,,somewhat,somewhat,1,15,0.38,0,0,1,8573,0,hideo videos that have advance skills of badminton
70,70,5,2,1,hide,extension,27.379,completed,,very,very,1,15,0.0,0,0,1,2442,0,hide negative comments about taylor swift
80,80,4,2,0,hide,control,1.406,failed,,very,,0,0,0.0,0,0,0,0,0,Hide videos that are not related to Optimal Transport
90,90,3,1,1,guide,extension,154.426,failed,,guessed,not,1,0,,0,0,0,0,0,How can you create a view that only shows tasks marked as “Completed”?
83,83,5,2,1,hide,control,147.58,partial,,notsure,,0,13,0.4,0,0,15,11381,0,Hide negative comments about ronaldo
95,95,2,1,0,guide,extension,153.165,partial,,notsure,somewhat,1,0,,0,0,29,21480,0,Make the sprite move to the mouse pointer continuously.
74,74,5,2,1,hide,extension,43.471,completed,,very,very,1,15,0.43,0,0,1,2126,0,hideo videos that have advance skills of badminton
93,93,5,2,1,hide,control,98.395,partial,,somewhat,,0,9,0.6,0,0,9,9640,0,Hide negative comments about ronaldo
82,82,4,2,0,hide,control,69.961,partial,,somewhat,,0,2,0.167,0,0,3,7096,0,Hide advertisements
88,88,2,1,0,guide,control,164.567,failed,,guessed,,0,0,,0,0,109,35616,0,Make the sprite move to the mouse pointer continuously.
81,81,3,1,1,guide,control,180.013,partial,,somewhat,,0,0,,0,0,0,0,0,How can you highlight duplicate values in a column using conditional formatting?
91,91,5,2,1,hide,control,128.309,partial,,notsure,,0,2,0.0,0,0,9,21371,0,Hide conference acceptance notifitcations
94,94,3,1,1,guide,extension,119.454,completed,,somewhat,very,1,0,,0,0,12,22636,0,How can you move the price scale so it appears on the left side of the chart instead of the default position?
87,87,5,2,1,hide,control,132.972,partial,,somewhat,,0,7,0.385,0,0,8,12254,0,hide negative comments about jobs
73,73,5,2,1,hide,control,77.411,completed,,somewhat,,0,12,0.6,0,0,22,9891,0,Hide negative comments about ronaldo
82,82,5,2,1,hide,extension,25.89,completed,,somewhat,very,1,10,0.538,0,0,1,3439,0,hide negative comments about jobs
79,79,5,2,1,hide,control,113.433,partial,,somewhat,,0,12,0.114,0,0,14,20606,0,hideo videos that have advance skills of badminton
81,81,4,2,0,hide,extension,37.369,completed,,very,very,1,9,0.75,0,0,2,3118,0,hide negative comments about this movie
94,94,4,2,0,hide,control,44.256,failed,,guessed,,0,1,0.0,0,0,1,6857,0,"Hide posts about openclaw or clawbot, etc"
80,80,5,2,1,hide,extension,61.848,partial,,very,somewhat,1,15,0.0,0,0,1,3288,0,hide negative comments about taylor swift
81,81,5,2,1,hide,control,41.146,failed,,guessed,,0,0,0.0,1,0,0,8192,0,Hide conference acceptance notifitcations
88,88,3,1,1,guide,extension,102.559,completed,,very,very,1,0,,0,0,0,0,2,How can you highlight duplicate values in a column using conditional formatting?
95,95,3,1,1,guide,control,139.343,failed,,guessed,,0,0,,0,0,0,0,0,How can you highlight duplicate values in a column using conditional formatting?
90,90,4,2,0,hide,control,123.807,partial,,notsure,,0,0,0.0,0,0,13,9453,2,Hide videos that are not related to Optimal Transport
94,94,5,2,1,hide,extension,51.709,failed,,guessed,unused,1,0,0.089,0,0,5,9279,2,hideo videos that have advance skills of badminton
88,88,4,2,0,hide,control,45.149,failed,,notsure,,0,3,0.091,1,0,3,14100,0,Hide posts about credit
90,90,5,2,1,hide,extension,66.149,failed,,guessed,not,1,0,0.0,0,0,0,11781,0,hide negative comments about taylor swift
88,88,5,2,1,hide,extension,41.385,completed,,very,unused,1,7,0.6,0,0,10,4488,0,Hide negative comments about ronaldo
105,105,0,0,0,find,extension,54.762,About 2°F (1°C) warmer,True,somewhat,very,1,0,,0,0,0,1768,0,How much has global temperature increased since the late 19th century?
104,104,0,0,0,find,control,44.02,Approximately $2.08 billion,True,somewhat,,0,0,,0,0,0,1737,0,How much did Taylor Swift earn from the Eras Tour?
101,101,0,0,0,find,extension,45.235,About 20% has been cleared or degraded,True,somewhat,somewhat,1,0,,0,0,0,505,0,How much of the Amazon rainforest has been lost?
107,107,0,0,0,find,extension,22.939,Hornillos Stream,False,somewhat,unused,0,0,,1,0,0,447,0,Which stream emerges from Nevado Mismi before eventually contributing to the Apurímac River system?
100,100,0,0,0,find,control,49.795,The Fasting Blood Glucose Test — requires 8+ hours of fasting; measures baseline blood glucose level,True,somewhat,,0,0,,1,0,1,3703,0,"Which diabetes diagnostic test requires fasting beforehand, and what does the test measure?"
99,99,0,0,0,find,extension,51.281,Ocean warming,True,somewhat,very,1,0,,0,0,0,1458,0,Which type of evidence shows that oceans are absorbing excess heat from global warming?
98,98,0,0,0,find,control,87.955,Dejima,True,somewhat,,0,0,,2,1,3,10651,0,Which small artificial island in Nagasaki Bay was used to confine foreign traders during Japan's isolation period?
104,104,1,0,1,find,extension,44.552,Dejima,True,very,very,1,0,,0,0,1,1584,0,Which small artificial island in Nagasaki Bay was used to confine foreign traders during Japan's isolation period?
106,106,0,0,0,find,control,86.9,It has significantly increased over the decades,True,somewhat,,0,0,,0,0,1,4163,0,How has the prevalence of diagnosed diabetes changed over time?
107,107,1,0,1,find,control,46.978,About 20% has been cleared or degraded,True,notsure,,0,0,,1,0,0,1586,0,How much of the Amazon rainforest has been lost?
105,105,1,0,1,find,control,84.228,It has significantly increased over the decades,True,guessed,,0,0,,0,0,0,738,0,How has the prevalence of diagnosed diabetes changed over time?
98,98,1,0,1,find,extension,36.365,About 2°F (1°C) warmer,True,very,very,1,0,,0,0,0,2380,0,How much has global temperature increased since the late 19th century?
97,97,0,0,0,find,extension,131.177,Edgbaston (Birmingham) England in the 1860s,True,somewhat,somewhat,1,0,,0,0,0,0,0,Where and when was tennis first played in something like its modern form?
99,99,1,0,1,find,control,51.508,It has significantly increased over the decades,True,somewhat,,0,0,,0,0,0,943,0,How has the prevalence of diagnosed diabetes changed over time?
106,106,1,0,1,find,extension,34.324,Quebrada Carhuasanta,True,very,somewhat,1,0,,0,0,0,3427,0,Which stream emerges from Nevado Mismi before eventually contributing to the Apurímac River system?
97,97,1,0,1,find,control,41.386,Approximately $2.08 billion,True,somewhat,,0,0,,1,0,2,4789,0,How much did Taylor Swift earn from the Eras Tour?
102,102,0,0,0,find,control,135.519,This phase begins once the third review has been submitted,True,very,,0,0,,0,4,8,10393,0,when could the authors reply back to the reviewers comments
104,104,2,1,0,guide,control,86.941,completed,,very,,0,0,,0,0,22,13424,1,How can you change the position of slide numbers for all slides in a Google Slides presentation?
98,98,2,1,0,guide,control,52.367,completed,,very,,0,0,,0,0,12,6697,0,How can you move the price scale so it appears on the left side of the chart instead of the default position?
107,107,2,1,0,guide,extension,78.659,completed,,very,very,1,0,,0,0,11,11168,1,How can you add page numbers to a Google Doc but start numbering from page 2 instead of page 1?
103,103,0,0,0,find,extension,180.996,The net height was standardized and service rules changed,True,notsure,somewhat,1,0,,0,0,0,0,0,What is one major change in the rules compared with the early version of tennis?
105,105,2,1,0,guide,extension,91.26,partial,,notsure,not,2,0,,0,0,4,7942,0,How can you move the price scale so it appears on the left side of the chart instead of the default position?
108,108,0,0,0,find,control,141.009,It united European monarchies against France,True,very,,0,0,,0,0,0,0,0,Why did the execution of Louis XVI intensify the conflict between revolutionary and counter-revolutionary forces?
101,101,1,0,1,find,control,178.591,It united European monarchies against France,True,guessed,,0,0,,1,6,7,3155,0,Why did the execution of Louis XVI intensify the conflict between revolutionary and counter-revolutionary forces?
100,100,1,0,1,find,extension,180.993,Hornillos Stream,False,guessed,unused,0,0,,1,0,2,11710,0,Which stream emerges from Nevado Mismi before eventually contributing to the Apurímac River system?
107,107,3,1,1,guide,control,36.734,failed,,notsure,,0,0,,0,0,6,5825,0,How can you change the position of slide numbers for all slides in a Google Slides presentation?
99,99,2,1,0,guide,extension,121.074,failed,,notsure,somewhat,1,0,,0,0,16,13162,0,How can you highlight duplicate values in a column using conditional formatting?
109,109,0,0,0,find,extension,35.734,Lighting that allows playing at night,True,somewhat,very,1,0,,0,0,1,6459,0,What makes the Chanhassen Pickleball Complex appealing to players after sunset?
97,97,2,1,0,guide,extension,119.091,partial,,notsure,not,1,0,,0,0,5,11762,1,How can you change the position of slide numbers for all slides in a Google Slides presentation?
107,107,4,2,0,hide,extension,41.699,completed,,very,very,1,15,0.833,0,0,1,1384,0,Hide advertisements
105,105,3,1,1,guide,control,76.44,failed,,guessed,,0,0,,0,0,22,13207,0,Make the sprite move to the mouse pointer continuously.
100,100,2,1,0,guide,control,57.67,completed,,somewhat,,0,0,,0,0,5,5953,3,How can you add page numbers to a Google Doc but start numbering from page 2 instead of page 1?
106,106,2,1,0,guide,control,180.014,failed,,notsure,,0,0,,0,0,0,0,0,How can you highlight duplicate values in a column using conditional formatting?
99,99,3,1,1,guide,control,47.8,completed,,very,,0,0,,0,0,12,7122,1,How can you add page numbers to a Google Doc but start numbering from page 2 instead of page 1?
97,97,3,1,1,guide,control,25.556,failed,,guessed,,0,0,,0,0,1,6547,0,How can you create a view that only shows tasks marked as “Completed”?
107,107,5,2,1,hide,control,24.061,partial,,somewhat,,0,3,0.0,0,0,3,3799,0,hide negative comments about jobs
105,105,4,2,0,hide,extension,26.789,partial,,somewhat,somewhat,1,15,0.292,0,0,1,1649,0,Hide videos that are not related to Optimal Transport
103,103,1,0,1,find,control,47.976,Approximately $2.08 billion,True,very,,0,0,,0,0,0,1291,0,How much did Taylor Swift earn from the Eras Tour?
110,110,1,0,1,find,extension,0.0,Lighting that allows playing at night,True,very,unused,0,0,,0,0,0,0,0,What makes the Chanhassen Pickleball Complex appealing to players after sunset?
104,104,3,1,1,guide,extension,180.002,partial,,somewhat,somewhat,1,0,,0,0,0,0,0,How can you create a view that only shows tasks marked as “Completed”?
106,106,3,1,1,guide,extension,22.418,completed,,very,unused,0,0,,0,0,7,4481,1,How can you add page numbers to a Google Doc but start numbering from page 2 instead of page 1?
101,101,2,1,0,guide,extension,89.536,completed,,somewhat,somewhat,1,0,,0,0,1,2072,3,How can you create a view that only shows tasks marked as “Completed”?
109,109,1,0,1,find,control,60.938,The net height was standardized and service rules changed,True,somewhat,,0,0,,2,0,1,3850,2,What is one major change in the rules compared with the early version of tennis?
97,97,4,2,0,hide,extension,40.848,completed,,very,very,1,11,0.833,0,0,1,2213,0,Hide advertisements
98,98,3,1,1,guide,extension,180.01,failed,,notsure,somewhat,1,0,,0,0,30,40642,0,Make the sprite move to the mouse pointer continuously.
110,110,1,0,1,find,extension,21.375,Approximately $2.08 billion,True,somewhat,very,1,0,,0,0,1,2168,0,How much did Taylor Swift earn from the Eras Tour?
104,104,4,2,0,hide,control,26.945,completed,,very,,0,1,0.125,0,0,2,4519,0,"Hide posts about openclaw or clawbot, etc"
110,110,2,1,0,guide,control,15.741,completed,,very,,0,0,,0,0,5,3770,0,How can you freeze the first row in a Google Sheet so it stays visible when scrolling?
97,97,5,2,1,hide,control,32.9,partial,,somewhat,,0,2,0.154,0,0,6,7429,0,hide negative comments about jobs
105,105,5,2,1,hide,control,114.623,completed,,very,,0,35,0.9,0,0,39,15052,0,hide negative comments about taylor swift
108,108,1,0,1,find,extension,154.906,Once the first reviewer has submitted their review,False,guessed,unused,0,0,,0,0,0,0,0,when could the authors reply back to the reviewers comments
110,110,3,1,1,guide,extension,28.531,completed,,very,unused,0,0,,0,0,6,4720,1,How can you add page numbers to a Google Doc but start numbering from page 2 instead of page 1?
106,106,4,2,0,hide,control,99.463,completed,,somewhat,,0,5,1.0,0,0,7,8632,0,hide negative comments about this movie
109,109,2,1,0,guide,extension,111.053,partial,,notsure,somewhat,1,0,,0,0,8,24667,0,Make the sprite move to the mouse pointer continuously.
101,101,3,1,1,guide,control,139.971,failed,,guessed,,0,0,,0,0,22,23158,0,How can you move the price scale so it appears on the left side of the chart instead of the default position?
110,110,4,2,0,hide,control,52.625,failed,,guessed,,0,16,0.092,0,0,17,8683,2,Hide videos that are not related to Optimal Transport
100,100,3,1,1,guide,extension,180.993,partial,,somewhat,somewhat,3,0,,0,0,8,13490,4,How can you change the position of slide numbers for all slides in a Google Slides presentation?
106,106,5,2,1,hide,extension,35.436,completed,,somewhat,very,1,3,1.0,0,0,1,2758,0,Hide conference acceptance notifitcations
104,104,5,2,1,hide,extension,105.412,failed,,notsure,unused,1,0,0.0,0,0,0,0,0,hideo videos that have advance skills of badminton
111,111,0,0,0,find,extension,42.359,Dejima,True,very,very,1,0,,0,0,1,1771,0,Which small artificial island in Nagasaki Bay was used to confine foreign traders during Japan's isolation period?
103,103,2,1,0,guide,extension,180.997,completed,,somewhat,somewhat,1,0,,0,0,0,0,0,How can you freeze the first row in a Google Sheet so it stays visible when scrolling?
98,98,4,2,0,hide,control,180.014,partial,,somewhat,,0,4,0.091,0,0,0,0,0,Hide posts about credit
108,108,2,1,0,guide,control,94.885,failed,,guessed,,0,0,,0,0,2,8123,0,How can you create a view that only shows tasks marked as “Completed”?
101,101,4,2,0,hide,extension,40.133,completed,,very,very,1,10,1.0,0,0,1,1551,0,hide negative comments about this movie
109,109,3,1,1,guide,control,73.853,completed,,somewhat,,0,0,,0,0,0,0,3,How can you highlight duplicate values in a column using conditional formatting?
98,98,5,2,1,hide,extension,16.95,completed,,very,somewhat,1,7,0.6,0,0,1,793,0,Hide negative comments about ronaldo
110,110,5,2,1,hide,extension,61.359,partial,,somewhat,somewhat,1,15,0.0,0,2,9,7350,0,hide negative comments about taylor swift
111,111,1,0,1,find,control,65.162,About 2°F (1°C) warmer,True,very,,0,0,,1,0,0,2003,0,How much has global temperature increased since the late 19th century?
109,109,4,2,0,hide,extension,28.595,completed,,very,very,1,11,1.0,0,0,1,1312,0,"Hide posts about openclaw or clawbot, etc"
100,100,4,2,0,hide,control,104.027,completed,,somewhat,,0,35,0.192,0,0,37,7661,0,Hide videos that are not related to Optimal Transport
108,108,3,1,1,guide,extension,92.459,completed,,very,very,1,0,,0,0,5,6595,0,How can you move the price scale so it appears on the left side of the chart instead of the default position?
109,109,5,2,1,hide,control,63.579,completed,,somewhat,,0,19,0.127,0,0,0,0,0,hideo videos that have advance skills of badminton
100,100,5,2,1,hide,extension,60.631,completed,,somewhat,somewhat,1,15,0.0,0,0,1,3310,0,hide negative comments about taylor swift
111,111,2,1,0,guide,extension,80.54,completed,,somewhat,very,1,0,,0,0,8,7216,1,How can you change the position of slide numbers for all slides in a Google Slides presentation?
101,101,5,2,1,hide,control,153.516,partial,,somewhat,,0,14,1.0,4,0,15,32012,0,Hide conference acceptance notifitcations
103,103,3,1,1,guide,control,180.029,failed,,guessed,,0,0,,0,0,24,20849,4,How can you add page numbers to a Google Doc but start numbering from page 2 instead of page 1?
111,111,3,1,1,guide,control,65.815,failed,,notsure,,0,0,,1,0,2,5914,7,How can you create a view that only shows tasks marked as “Completed”?
111,111,4,2,0,hide,extension,28.909,completed,,somewhat,very,1,12,1.0,0,0,1,219,0,hide negative comments about this movie
108,108,4,2,0,hide,control,167.089,completed,,very,,0,5,0.455,0,0,0,0,0,Hide posts about credit
111,111,5,2,1,hide,control,56.143,failed,,notsure,,0,1,0.0,1,0,7,7077,0,Hide conference acceptance notifitcations
103,103,4,2,0,hide,extension,119.508,failed,,guessed,not,0,0,0.0,0,0,5,6876,1,Hide posts about credit
108,108,5,2,1,hide,extension,75.223,completed,,very,very,1,7,0.6,0,0,3,5471,0,Hide negative comments about ronaldo
103,103,5,2,1,hide,control,103.105,partial,,notsure,,0,1,0.0,0,0,0,0,0,Hide negative comments about ronaldo
118,118,0,0,0,find,control,32.621,About 2°F (1°C) warmer,True,very,,0,0,,1,0,1,1422,0,How much has global temperature increased since the late 19th century?
126,126,0,0,0,find,control,53.549,The Fasting Blood Glucose Test — requires 8+ hours of fasting; measures baseline blood glucose level,True,somewhat,,0,0,,0,0,0,0,0,"Which diabetes diagnostic test requires fasting beforehand, and what does the test measure?"
122,122,0,0,0,find,control,65.789,Lighting that allows playing at night,True,very,,0,0,,0,0,0,0,0,What makes the Chanhassen Pickleball Complex appealing to players after sunset?
123,123,0,0,0,find,extension,43.707,Edgbaston (Birmingham) England in the 1860s,True,guessed,unused,1,0,,0,0,0,3466,0,Where and when was tennis first played in something like its modern form?
127,127,0,0,0,find,extension,33.834,About 20% has been cleared or degraded,True,very,very,1,0,,0,0,0,3266,0,How much of the Amazon rainforest has been lost?
119,119,0,0,0,find,extension,147.869,It has significantly increased over the decades,True,somewhat,somewhat,1,0,,1,1,3,7482,1,How has the prevalence of diagnosed diabetes changed over time?
129,129,0,0,0,find,extension,17.894,The net height was standardized and service rules changed,True,very,somewhat,1,0,,0,0,0,83,0,What is one major change in the rules compared with the early version of tennis?
123,123,1,0,1,find,control,12.476,Approximately $2.08 billion,True,very,,0,0,,0,0,0,1346,0,How much did Taylor Swift earn from the Eras Tour?
126,126,1,0,1,find,extension,38.095,Quebrada Carhuasanta,True,very,very,1,0,,0,0,0,0,0,Which stream emerges from Nevado Mismi before eventually contributing to the Apurímac River system?
118,118,1,0,1,find,extension,74.147,It has significantly increased over the decades,True,somewhat,unused,0,0,,1,0,2,5738,0,How has the prevalence of diagnosed diabetes changed over time?
120,120,0,0,0,find,control,159.702,Quebrada Carhuasanta,True,guessed,,0,0,,0,0,1,4097,2,Which stream emerges from Nevado Mismi before eventually contributing to the Apurímac River system?
124,124,0,0,0,find,control,153.21,Dejima,True,somewhat,,0,0,,1,6,13,10808,0,Which small artificial island in Nagasaki Bay was used to confine foreign traders during Japan's isolation period?
118,118,2,1,0,guide,control,13.798,completed,,very,,0,0,,0,0,1,3543,1,How can you change the position of slide numbers for all slides in a Google Slides presentation?
119,119,1,0,1,find,control,45.51,Quebrada Carhuasanta,True,somewhat,,0,0,,1,1,1,3633,0,Which stream emerges from Nevado Mismi before eventually contributing to the Apurímac River system?
126,126,2,1,0,guide,control,43.383,completed,,very,,0,0,,0,0,11,12108,0,How can you move the price scale so it appears on the left side of the chart instead of the default position?
127,127,1,0,1,find,control,56.831,It united European monarchies against France,True,somewhat,,0,0,,1,0,0,6962,0,Why did the execution of Louis XVI intensify the conflict between revolutionary and counter-revolutionary forces?
118,118,3,1,1,guide,extension,10.862,failed,,guessed,unused,0,0,,0,0,1,2255,0,How can you create a view that only shows tasks marked as “Completed”?
125,125,0,0,0,find,extension,177.413,Ocean acidification,False,somewhat,very,1,0,,0,0,0,5119,0,Which type of evidence shows that oceans are absorbing excess heat from global warming?
118,118,4,2,0,hide,control,7.127,failed,,guessed,,0,0,0.0,0,0,0,28,0,Hide posts about credit
122,122,1,0,1,find,extension,135.281,The net height was standardized and service rules changed,True,very,somewhat,1,0,,0,0,1,1000,3,What is one major change in the rules compared with the early version of tennis?
120,120,1,0,1,find,extension,79.945,About 20% has been cleared or degraded,True,very,somewhat,1,0,,0,0,5,3459,3,How much of the Amazon rainforest has been lost?
118,118,5,2,1,hide,extension,19.131,failed,,somewhat,not,1,6,0.4,0,0,8,2919,0,Hide negative comments about ronaldo
124,124,1,0,1,find,extension,133.923,About 5°F warmer,False,guessed,not,1,0,,0,1,2,6329,0,How much has global temperature increased since the late 19th century?
119,119,2,1,0,guide,extension,133.812,completed,,very,very,1,0,,0,0,7,13702,0,How can you move the price scale so it appears on the left side of the chart instead of the default position?
123,123,2,1,0,guide,extension,180.009,failed,,notsure,not,1,0,,0,0,21,38705,0,Make the sprite move to the mouse pointer continuously.
124,124,2,1,0,guide,control,32.314,completed,,very,,0,0,,0,0,0,0,3,How can you freeze the first row in a Google Sheet so it stays visible when scrolling?
123,123,3,1,1,guide,control,41.376,failed,,guessed,,0,0,,0,0,1,4574,0,How can you highlight duplicate values in a column using conditional formatting?
119,119,3,1,1,guide,control,57.529,failed,,notsure,,0,0,,0,0,14,8110,0,Make the sprite move to the mouse pointer continuously.
125,125,1,0,1,find,control,167.711,It has significantly increased over the decades,True,notsure,,0,0,,0,0,0,5308,0,How has the prevalence of diagnosed diabetes changed over time?
127,127,2,1,0,guide,extension,180.015,partial,,notsure,somewhat,3,0,,0,0,19,27396,0,How can you highlight duplicate values in a column using conditional formatting?
126,126,3,1,1,guide,extension,180.007,partial,,notsure,somewhat,1,0,,0,0,0,0,0,Make the sprite move to the mouse pointer continuously.
123,123,4,2,0,hide,extension,22.722,completed,,very,very,1,15,0.636,0,0,1,1393,0,Hide posts about credit
122,122,2,1,0,guide,control,163.555,completed,,somewhat,,0,0,,0,0,0,0,0,How can you create a view that only shows tasks marked as “Completed”?
119,119,4,2,0,hide,extension,22.966,completed,,somewhat,very,1,11,1.0,0,0,2,1802,0,"Hide posts about openclaw or clawbot, etc"
127,127,3,1,1,guide,control,27.67,completed,,very,,0,0,,0,0,20,8963,1,How can you add page numbers to a Google Doc but start numbering from page 2 instead of page 1?
120,120,2,1,0,guide,control,180.001,partial,,somewhat,,0,0,,0,0,0,0,0,How can you highlight duplicate values in a column using conditional formatting?
119,119,5,2,1,hide,control,30.061,partial,,somewhat,,0,8,0.038,0,0,8,6983,0,hideo videos that have advance skills of badminton
126,126,4,2,0,hide,control,47.523,partial,,somewhat,,0,4,0.75,0,0,5,10224,0,hide negative comments about this movie
123,123,5,2,1,hide,control,65.856,partial,,somewhat,,0,6,0.4,0,0,8,10999,0,Hide negative comments about ronaldo
124,124,3,1,1,guide,extension,116.966,completed,,somewhat,somewhat,1,0,,0,0,13,13442,0,How can you add page numbers to a Google Doc but start numbering from page 2 instead of page 1?
126,126,5,2,1,hide,extension,39.257,completed,,somewhat,very,1,5,1.0,0,0,1,2631,0,Hide conference acceptance notifitcations
120,120,3,1,1,guide,extension,87.843,completed,,very,somewhat,1,0,,0,0,19,13791,3,How can you add page numbers to a Google Doc but start numbering from page 2 instead of page 1?
125,125,2,1,0,guide,extension,172.164,completed,,very,somewhat,1,0,,0,0,32,37473,20,How can you change the position of slide numbers for all slides in a Google Slides presentation?
122,122,3,1,1,guide,extension,180.009,failed,,very,not,1,0,,0,0,31,24661,0,How can you move the price scale so it appears on the left side of the chart instead of the default position?
127,127,4,2,0,hide,extension,174.195,failed,,notsure,not,4,0,0.0,0,0,25,23509,2,Hide advertisements
124,124,4,2,0,hide,control,167.272,partial,,somewhat,,0,3,0.125,0,0,4,12118,0,"Hide posts about openclaw or clawbot, etc"
124,124,5,2,1,hide,extension,19.595,completed,,somewhat,very,1,15,0.481,0,0,1,1213,0,hideo videos that have advance skills of badminton
127,127,5,2,1,hide,control,90.519,completed,,somewhat,,0,8,0.231,0,0,11,8714,0,hide negative comments about jobs
125,125,3,1,1,guide,control,180.012,failed,,somewhat,,0,0,,0,0,0,0,0,How can you create a view that only shows tasks marked as “Completed”?
122,122,4,2,0,hide,control,180.002,partial,,somewhat,,0,83,0.5,0,0,99,41077,3,Hide advertisements
125,125,4,2,0,hide,extension,47.064,completed,,very,very,1,15,0.292,0,0,1,3985,0,Hide videos that are not related to Optimal Transport
122,122,5,2,1,hide,extension,91.975,completed,,somewhat,very,1,13,0.692,0,0,6,5067,0,hide negative comments about jobs
125,125,5,2,1,hide,control,180.011,partial,,somewhat,,0,35,0.75,0,0,44,14583,0,hide negative comments about taylor swift
129,129,1,0,1,find,control,29.482,Approximately $2.08 billion,True,very,,0,0,,1,0,2,2205,0,How much did Taylor Swift earn from the Eras Tour?
129,129,2,1,0,guide,extension,180.01,failed,,notsure,not,2,0,,0,0,0,0,0,How can you create a view that only shows tasks marked as “Completed”?
129,129,3,1,1,guide,control,46.684,completed,,very,,0,0,,0,0,24,14406,0,How can you move the price scale so it appears on the left side of the chart instead of the default position?
129,129,4,2,0,hide,extension,49.641,completed,,very,very,1,11,1.0,1,0,2,7498,0,"Hide posts about openclaw or clawbot, etc"
129,129,5,2,1,hide,control,111.44,completed,,somewhat,,0,21,0.127,0,0,30,21745,0,hideo videos that have advance skills of badminton
137,137,0,0,0,find,extension,61.511,Dejima,True,somewhat,very,1,0,,0,0,2,2644,2,Which small artificial island in Nagasaki Bay was used to confine foreign traders during Japan's isolation period?
131,131,0,0,0,find,extension,73.336,About 2°F (1°C) warmer,True,very,very,1,0,,0,0,0,0,0,How much has global temperature increased since the late 19th century?
135,135,0,0,0,find,extension,24.304,Lighting that allows playing at night,True,very,very,1,0,,0,1,3,2783,0,What makes the Chanhassen Pickleball Complex appealing to players after sunset?
133,133,0,0,0,find,extension,59.765,Apurímac River,False,notsure,somewhat,1,0,,0,0,0,0,0,Which stream emerges from Nevado Mismi before eventually contributing to the Apurímac River system?
141,141,0,0,0,find,extension,69.996,This phase begins once the third review has been submitted,True,very,very,1,0,,0,0,0,0,0,when could the authors reply back to the reviewers comments
132,132,0,0,0,find,control,68.708,It has significantly increased over the decades,True,somewhat,,0,0,,1,1,2,6109,0,How has the prevalence of diagnosed diabetes changed over time?
143,143,0,0,0,find,extension,53.78,Approximately $2.08 billion,True,very,very,1,0,,0,0,1,2648,0,How much did Taylor Swift earn from the Eras Tour?
138,138,0,0,0,find,control,86.637,Ocean warming,True,somewhat,,0,0,,1,3,8,10169,0,Which type of evidence shows that oceans are absorbing excess heat from global warming?
137,137,1,0,1,find,control,33.364,About 2°F (1°C) warmer,True,very,,0,0,,0,0,0,2144,0,How much has global temperature increased since the late 19th century?
133,133,1,0,1,find,control,35.583,About 20% has been cleared or degraded,True,somewhat,,0,0,,0,0,0,4569,0,How much of the Amazon rainforest has been lost?
147,147,0,0,0,find,extension,76.027,It united European monarchies against France,True,somewhat,somewhat,1,0,,0,0,0,0,0,Why did the execution of Louis XVI intensify the conflict between revolutionary and counter-revolutionary forces?
142,142,0,0,0,find,control,102.102,The net height was standardized and service rules changed,True,very,,0,0,,0,0,0,6240,1,What is one major change in the rules compared with the early version of tennis?
148,148,0,0,0,find,control,108.504,Lighting that allows playing at night,True,very,,0,0,,0,0,0,0,0,What makes the Chanhassen Pickleball Complex appealing to players after sunset?
145,145,0,0,0,find,extension,63.504,It has significantly increased over the decades,True,somewhat,somewhat,1,0,,1,0,0,2053,0,How has the prevalence of diagnosed diabetes changed over time?
144,144,0,0,0,find,control,104.844,About 2°F (1°C) warmer,True,notsure,,0,0,,0,0,0,0,0,How much has global temperature increased since the late 19th century?
146,146,0,0,0,find,control,97.496,Hornillos Stream,False,somewhat,,0,0,,1,0,0,10221,0,Which stream emerges from Nevado Mismi before eventually contributing to the Apurímac River system?
131,131,1,0,1,find,control,73.912,It has significantly increased over the decades,True,somewhat,,0,0,,1,0,0,2640,0,How has the prevalence of diagnosed diabetes changed over time?
141,141,1,0,1,find,control,52.893,Lighting that allows playing at night,True,very,,0,0,,0,0,2,2441,0,What makes the Chanhassen Pickleball Complex appealing to players after sunset?
132,132,1,0,1,find,extension,36.809,Quebrada Carhuasanta,True,very,very,1,0,,0,0,0,1441,0,Which stream emerges from Nevado Mismi before eventually contributing to the Apurímac River system?
140,140,0,0,0,find,control,138.773,About 20% has been cleared or degraded,True,somewhat,,0,0,,1,0,2,1984,0,How much of the Amazon rainforest has been lost?
136,136,0,0,0,find,control,118.436,United States in the 1880s,False,notsure,,0,0,,1,0,1,6360,0,Where and when was tennis first played in something like its modern form?
145,145,1,0,1,find,control,22.608,Hornillos Stream,False,somewhat,,0,0,,1,0,0,577,0,Which stream emerges from Nevado Mismi before eventually contributing to the Apurímac River system?
134,134,0,0,0,find,control,151.553,It caused France's allies to abandon the revolution,False,notsure,,0,0,,1,0,1,8970,0,Why did the execution of Louis XVI intensify the conflict between revolutionary and counter-revolutionary forces?
133,133,2,1,0,guide,extension,44.648,completed,,very,very,1,0,,0,0,5,4235,0,How can you move the price scale so it appears on the left side of the chart instead of the default position?
147,147,1,0,1,find,control,43.29,This phase begins once the third review has been submitted,True,somewhat,,0,0,,1,0,1,2168,0,when could the authors reply back to the reviewers comments
138,138,1,0,1,find,extension,47.776,It has significantly increased over the decades,True,somewhat,somewhat,1,0,,0,0,0,2281,0,How has the prevalence of diagnosed diabetes changed over time?
149,149,0,0,0,find,extension,134.876,Edgbaston (Birmingham) England in the 1860s,True,somewhat,unused,0,0,,0,0,0,0,0,Where and when was tennis first played in something like its modern form?
143,143,1,0,1,find,control,76.258,Dejima,True,somewhat,,0,0,,0,0,1,4812,0,Which small artificial island in Nagasaki Bay was used to confine foreign traders during Japan's isolation period?
142,142,1,0,1,find,extension,58.063,Approximately $2.08 billion,True,very,not,1,0,,0,0,0,0,0,How much did Taylor Swift earn from the Eras Tour?
144,144,1,0,1,find,extension,44.095,It has significantly increased over the decades,True,very,very,1,0,,0,0,0,1735,0,How has the prevalence of diagnosed diabetes changed over time?
146,146,1,0,1,find,extension,43.497,About 20% has been cleared or degraded,True,somewhat,somewhat,1,0,,0,0,0,5271,0,How much of the Amazon rainforest has been lost?
131,131,2,1,0,guide,extension,38.259,completed,,very,very,1,0,,0,0,5,4175,0,How can you freeze the first row in a Google Sheet so it stays visible when scrolling?
135,135,1,0,1,find,control,120.876,Scoring was simplified to a point system,False,somewhat,,0,0,,1,0,0,5711,2,What is one major change in the rules compared with the early version of tennis?
145,145,2,1,0,guide,extension,30.443,completed,,very,very,1,0,,0,0,3,2976,0,How can you freeze the first row in a Google Sheet so it stays visible when scrolling?
138,138,2,1,0,guide,control,25.878,completed,,very,,0,0,,0,0,5,4750,0,How can you freeze the first row in a Google Sheet so it stays visible when scrolling?
142,142,2,1,0,guide,control,13.11,completed,,very,,0,0,,0,0,3,1528,1,How can you add page numbers to a Google Doc but start numbering from page 2 instead of page 1?
149,149,1,0,1,find,control,33.502,Approximately $2.08 billion,True,very,,0,0,,1,0,0,4204,0,How much did Taylor Swift earn from the Eras Tour?
147,147,2,1,0,guide,extension,45.819,completed,,somewhat,somewhat,1,0,,0,0,5,3401,0,How can you move the price scale so it appears on the left side of the chart instead of the default position?
146,146,2,1,0,guide,control,11.62,partial,,somewhat,,0,0,,0,0,0,2722,0,How can you change the position of slide numbers for all slides in a Google Slides presentation?
140,140,1,0,1,find,extension,24.568,It united European monarchies against France,True,somewhat,very,1,0,,0,0,0,1173,0,Why did the execution of Louis XVI intensify the conflict between revolutionary and counter-revolutionary forces?
131,131,3,1,1,guide,control,31.924,partial,,notsure,,0,0,,0,0,0,265,0,How can you add page numbers to a Google Doc but start numbering from page 2 instead of page 1?
135,135,2,1,0,guide,extension,34.274,completed,,very,very,1,0,,0,0,3,2691,0,How can you add page numbers to a Google Doc but start numbering from page 2 instead of page 1?
133,133,3,1,1,guide,control,93.303,failed,,notsure,,0,0,,0,0,11,20462,0,Make the sprite move to the mouse pointer continuously.
147,147,3,1,1,guide,control,29.23,failed,,guessed,,0,0,,0,0,0,0,0,Make the sprite move to the mouse pointer continuously.
148,148,1,0,1,find,extension,106.358,Scoring was simplified to a point system,False,notsure,unused,0,0,,0,0,0,4578,0,What is one major change in the rules compared with the early version of tennis?
134,134,1,0,1,find,extension,27.808,Once two weeks have passed since the paper was assigned to reviewers,False,notsure,somewhat,1,0,,0,0,0,1718,0,when could the authors reply back to the reviewers comments
144,144,2,1,0,guide,control,77.306,failed,,guessed,,0,0,,0,0,8,10228,0,Make the sprite move to the mouse pointer continuously.
141,141,2,1,0,guide,extension,127.18,completed,,somewhat,somewhat,1,0,,0,0,24,14085,2,How can you highlight duplicate values in a column using conditional formatting?
145,145,3,1,1,guide,control,65.347,completed,,very,,0,0,,0,0,13,6625,1,How can you add page numbers to a Google Doc but start numbering from page 2 instead of page 1?
131,131,4,2,0,hide,extension,49.16,completed,,very,very,1,11,1.0,0,0,1,1529,0,hide negative comments about this movie
132,132,2,1,0,guide,control,75.245,partial,,somewhat,,0,0,,0,0,19,17548,4,How can you change the position of slide numbers for all slides in a Google Slides presentation?
140,140,2,1,0,guide,control,44.584,completed,,very,,0,0,,0,0,4,6408,0,How can you move the price scale so it appears on the left side of the chart instead of the default position?
137,137,2,1,0,guide,extension,180.003,partial,,somewhat,somewhat,1,0,,0,0,24,36767,0,Make the sprite move to the mouse pointer continuously.
138,138,3,1,1,guide,extension,66.83,completed,,somewhat,very,1,0,,0,0,8,13058,1,How can you add page numbers to a Google Doc but start numbering from page 2 instead of page 1?
133,133,4,2,0,hide,extension,25.083,completed,,somewhat,somewhat,1,15,0.545,0,0,1,3215,0,Hide posts about credit
147,147,4,2,0,hide,extension,27.189,completed,,very,very,1,15,0.833,0,0,3,1051,0,Hide advertisements
135,135,3,1,1,guide,control,44.557,completed,,very,,0,0,,0,0,6,5496,3,How can you change the position of slide numbers for all slides in a Google Slides presentation?
131,131,5,2,1,hide,control,13.993,failed,,guessed,,0,0,0.0,0,0,1,1235,0,Hide conference acceptance notifitcations
145,145,4,2,0,hide,extension,26.673,completed,,somewhat,somewhat,1,15,0.317,0,0,1,1995,0,Hide videos that are not related to Optimal Transport
141,141,3,1,1,guide,control,42.439,completed,,very,,0,0,,0,0,14,8387,1,How can you add page numbers to a Google Doc but start numbering from page 2 instead of page 1?
135,135,4,2,0,hide,extension,17.696,completed,,very,very,1,15,0.3,0,0,1,600,0,Hide videos that are not related to Optimal Transport
147,147,5,2,1,hide,control,25.179,partial,,notsure,,0,2,0.154,0,0,5,3597,0,hide negative comments about jobs
148,148,2,1,0,guide,control,49.182,completed,,very,,0,0,,0,0,1,1205,3,How can you highlight duplicate values in a column using conditional formatting?
138,138,4,2,0,hide,control,34.22,failed,,notsure,,0,3,0.091,1,0,3,5286,0,Hide posts about credit
142,142,3,1,1,guide,extension,137.173,failed,,notsure,not,2,0,,0,0,40,22920,9,How can you change the position of slide numbers for all slides in a Google Slides presentation?
134,134,2,1,0,guide,control,79.737,partial,,notsure,,0,0,,0,0,16,11842,0,How can you highlight duplicate values in a column using conditional formatting?
144,144,3,1,1,guide,extension,64.188,completed,,very,very,1,0,,0,0,9,9435,0,How can you highlight duplicate values in a column using conditional formatting?
136,136,1,0,1,find,extension,180.005,Approximately $2.08 billion,True,notsure,very,2,0,,0,0,0,0,0,How much did Taylor Swift earn from the Eras Tour?
133,133,5,2,1,hide,control,56.445,completed,,somewhat,,0,8,0.8,0,4,10,7291,0,Hide negative comments about ronaldo
143,143,2,1,0,guide,extension,180.012,partial,,notsure,very,1,0,,0,0,1,2574,18,How can you create a view that only shows tasks marked as “Completed”?
146,146,3,1,1,guide,extension,142.487,completed,,very,very,1,0,,0,0,1,3934,7,How can you create a view that only shows tasks marked as “Completed”?
138,138,5,2,1,hide,extension,23.078,completed,,somewhat,very,1,7,0.6,0,0,1,3680,0,Hide negative comments about ronaldo
148,148,3,1,1,guide,extension,26.774,completed,,very,unused,0,0,,0,0,6,2392,1,How can you add page numbers to a Google Doc but start numbering from page 2 instead of page 1?
149,149,2,1,0,guide,extension,142.373,completed,,notsure,somewhat,2,0,,0,0,28,29474,3,How can you add page numbers to a Google Doc but start numbering from page 2 instead of page 1?
145,145,5,2,1,hide,control,56.668,partial,,somewhat,,0,9,0.25,0,0,9,4814,0,hide negative comments about taylor swift
141,141,4,2,0,hide,extension,52.086,completed,,notsure,somewhat,1,12,1.0,0,0,3,4664,0,hide negative comments about this movie
148,148,4,2,0,hide,control,17.826,partial,,guessed,,0,0,0.0,0,0,3,3400,2,Hide posts about credit
146,146,4,2,0,hide,control,34.04,partial,,somewhat,,0,4,0.75,0,0,4,6401,0,hide negative comments about this movie
149,149,3,1,1,guide,control,21.064,completed,,very,,0,0,,0,0,6,6533,0,How can you change the position of slide numbers for all slides in a Google Slides presentation?
134,134,3,1,1,guide,extension,52.42,completed,,somewhat,very,1,0,,0,0,4,3505,0,How can you add page numbers to a Google Doc but start numbering from page 2 instead of page 1?
144,144,4,2,0,hide,control,57.393,partial,,somewhat,,0,6,0.375,0,0,6,5252,0,"Hide posts about openclaw or clawbot, etc"
142,142,4,2,0,hide,control,55.513,partial,,notsure,,0,24,0.333,0,0,26,11724,4,Hide advertisements
150,150,0,0,0,find,control,28.362,Dejima,True,somewhat,,0,0,,1,1,3,3040,0,Which small artificial island in Nagasaki Bay was used to confine foreign traders during Japan's isolation period?
148,148,5,2,1,hide,extension,26.145,partial,,somewhat,somewhat,1,8,0.6,0,0,1,2473,0,Hide negative comments about ronaldo
146,146,5,2,1,hide,extension,22.678,completed,,somewhat,very,1,4,1.0,0,0,1,2070,0,Hide conference acceptance notifitcations
140,140,3,1,1,guide,extension,157.489,completed,,notsure,somewhat,1,0,,0,0,17,42822,0,Make the sprite move to the mouse pointer continuously.
144,144,5,2,1,hide,extension,22.88,completed,,very,very,1,15,0.43,0,0,1,400,0,hideo videos that have advance skills of badminton
149,149,4,2,0,hide,extension,27.479,completed,,very,very,1,10,1.0,0,0,1,4555,0,"Hide posts about openclaw or clawbot, etc"
142,142,5,2,1,hide,extension,27.952,completed,,very,very,1,14,0.769,0,0,1,2565,0,hide negative comments about jobs
137,137,3,1,1,guide,control,180.003,failed,,notsure,,0,0,,0,0,65,31863,0,How can you highlight duplicate values in a column using conditional formatting?
143,143,3,1,1,guide,control,101.799,completed,,very,,0,0,,0,0,30,36795,0,How can you move the price scale so it appears on the left side of the chart instead of the default position?
150,150,1,0,1,find,extension,36.38,About 2°F (1°C) warmer,True,somewhat,unused,0,0,,1,1,2,2100,0,How much has global temperature increased since the late 19th century?
140,140,4,2,0,hide,control,17.167,completed,,somewhat,,0,1,0.0,0,0,2,7337,0,Hide videos that are not related to Optimal Transport
132,132,3,1,1,guide,extension,180.002,partial,,notsure,somewhat,1,0,,0,0,2,2697,3,How can you create a view that only shows tasks marked as “Completed”?
135,135,5,2,1,hide,control,168.789,partial,,somewhat,,0,37,0.9,0,0,44,18778,1,hide negative comments about taylor swift
141,141,5,2,1,hide,control,103.873,failed,,notsure,,0,1,0.0,0,0,6,14399,0,Hide conference acceptance notifitcations
149,149,5,2,1,hide,control,46.677,failed,,notsure,,0,0,0.0,0,0,12,14348,1,hideo videos that have advance skills of badminton
137,137,4,2,0,hide,extension,23.157,partial,,somewhat,very,1,15,1.0,0,0,1,1328,0,Hide advertisements
143,143,4,2,0,hide,extension,22.785,failed,,notsure,unused,1,0,0.0,0,0,0,627,0,Hide posts about credit
140,140,5,2,1,hide,extension,29.842,completed,,very,very,1,15,0.0,0,0,1,1494,0,hide negative comments about taylor swift
134,134,4,2,0,hide,control,130.156,completed,,somewhat,,0,9,0.75,0,0,10,13889,0,"Hide posts about openclaw or clawbot, etc"
150,150,2,1,0,guide,control,38.856,failed,,notsure,,0,0,,1,0,1,2506,0,How can you create a view that only shows tasks marked as “Completed”?
143,143,5,2,1,hide,control,53.818,completed,,somewhat,,0,3,0.2,0,0,3,5760,0,Hide negative comments about ronaldo
134,134,5,2,1,hide,extension,18.304,completed,,notsure,somewhat,1,15,0.38,0,0,1,1088,0,hideo videos that have advance skills of badminton
132,132,4,2,0,hide,control,98.0,partial,,notsure,,0,19,0.5,0,0,22,8077,0,Hide advertisements
137,137,5,2,1,hide,control,97.291,partial,,somewhat,,0,11,0.231,0,0,14,12432,4,hide negative comments about jobs
132,132,5,2,1,hide,extension,43.405,completed,,somewhat,very,1,0,0.0,0,0,0,2587,0,hide negative comments about jobs
150,150,3,1,1,guide,extension,114.066,failed,,notsure,somewhat,2,0,,0,0,25,16541,0,How can you move the price scale so it appears on the left side of the chart instead of the default position?
150,150,4,2,0,hide,control,54.332,partial,,somewhat,,0,5,0.017,0,0,11,10693,0,Hide videos that are not related to Optimal Transport
150,150,5,2,1,hide,extension,19.296,completed,,somewhat,very,1,15,0.0,0,0,3,3139,0,hide negative comments about taylor swift
152,152,0,0,0,find,control,27.287,The Fasting Blood Glucose Test — requires 8+ hours of fasting; measures baseline blood glucose level,True,somewhat,,0,0,,1,1,2,1775,0,"Which diabetes diagnostic test requires fasting beforehand, and what does the test measure?"
156,156,0,0,0,find,control,32.238,Approximately $2.08 billion,True,very,,0,0,,1,0,1,2157,0,How much did Taylor Swift earn from the Eras Tour?
151,151,0,0,0,find,extension,102.851,Ocean warming,True,very,very,1,0,,0,0,0,1977,0,Which type of evidence shows that oceans are absorbing excess heat from global warming?
157,157,0,0,0,find,extension,53.333,About 2°F (1°C) warmer,True,somewhat,very,1,0,,0,0,0,1196,0,How much has global temperature increased since the late 19th century?
152,152,1,0,1,find,extension,33.861,Quebrada Carhuasanta,True,somewhat,somewhat,1,0,,0,0,0,0,0,Which stream emerges from Nevado Mismi before eventually contributing to the Apurímac River system?
155,155,0,0,0,find,extension,55.705,The court size was doubled,False,somewhat,very,0,0,,1,0,0,3464,0,What is one major change in the rules compared with the early version of tennis?
155,155,1,0,1,find,control,14.581,Approximately $2.08 billion,True,very,,0,0,,1,0,0,1147,0,How much did Taylor Swift earn from the Eras Tour?
154,154,0,0,0,find,control,99.401,This phase begins once the third review has been submitted,True,guessed,,0,0,,1,2,6,5262,0,when could the authors reply back to the reviewers comments
159,159,0,0,0,find,extension,76.446,Hornillos Stream,False,guessed,unused,2,0,,0,0,0,0,0,Which stream emerges from Nevado Mismi before eventually contributing to the Apurímac River system?
152,152,2,1,0,guide,control,76.59,completed,,very,,0,0,,0,0,12,9382,3,How can you freeze the first row in a Google Sheet so it stays visible when scrolling?
154,154,1,0,1,find,extension,33.25,Lighting that allows playing at night,True,very,very,1,0,,0,1,3,6096,0,What makes the Chanhassen Pickleball Complex appealing to players after sunset?
151,151,1,0,1,find,control,90.542,It has significantly increased over the decades,True,somewhat,,0,0,,1,0,1,3521,0,How has the prevalence of diagnosed diabetes changed over time?
156,156,1,0,1,find,extension,86.968,Dejima,True,very,very,0,0,,1,0,4,4592,2,Which small artificial island in Nagasaki Bay was used to confine foreign traders during Japan's isolation period?
154,154,2,1,0,guide,control,18.138,failed,,guessed,,0,0,,0,0,0,794,0,How can you move the price scale so it appears on the left side of the chart instead of the default position?
161,161,0,0,0,find,extension,45.523,Lighting that allows playing at night,True,somewhat,somewhat,1,0,,0,0,1,2841,0,What makes the Chanhassen Pickleball Complex appealing to players after sunset?
155,155,2,1,0,guide,extension,82.754,completed,,very,very,1,0,,0,0,19,14451,0,How can you highlight duplicate values in a column using conditional formatting?
157,157,1,0,1,find,control,136.566,It has significantly increased over the decades,True,guessed,,0,0,,2,0,2,4661,1,How has the prevalence of diagnosed diabetes changed over time?
158,158,0,0,0,find,control,132.436,It has significantly increased over the decades,True,guessed,,0,0,,0,0,0,2946,0,How has the prevalence of diagnosed diabetes changed over time?
160,160,0,0,0,find,control,157.068,It caused France's allies to abandon the revolution,False,guessed,,0,0,,1,0,3,7885,0,Why did the execution of Louis XVI intensify the conflict between revolutionary and counter-revolutionary forces?
159,159,1,0,1,find,control,63.681,About 20% has been cleared or degraded,True,somewhat,,0,0,,1,0,0,2834,0,How much of the Amazon rainforest has been lost?
155,155,3,1,1,guide,control,25.225,completed,,very,,0,0,,0,0,5,6574,1,How can you add page numbers to a Google Doc but start numbering from page 2 instead of page 1?
154,154,3,1,1,guide,extension,35.705,partial,,guessed,very,1,0,,0,0,2,4005,0,Make the sprite move to the mouse pointer continuously.
152,152,3,1,1,guide,extension,77.359,partial,,notsure,somewhat,1,0,,0,0,7,6939,1,How can you add page numbers to a Google Doc but start numbering from page 2 instead of page 1?
154,154,4,2,0,hide,control,2.577,partial,,guessed,,0,0,0.0,0,0,0,131,0,"Hide posts about openclaw or clawbot, etc"
155,155,4,2,0,hide,extension,18.894,completed,,very,very,1,15,0.292,0,0,1,1530,0,Hide videos that are not related to Optimal Transport
160,160,1,0,1,find,extension,30.825,Once the first reviewer has submitted their review,False,very,very,1,0,,0,0,1,807,0,when could the authors reply back to the reviewers comments
162,162,0,0,0,find,control,100.851,United States in the 1880s,False,somewhat,,0,0,,0,0,0,0,0,Where and when was tennis first played in something like its modern form?
161,161,1,0,1,find,control,72.7,Scoring was simplified to a point system,False,notsure,,0,0,,0,0,1,1406,1,What is one major change in the rules compared with the early version of tennis?
156,156,2,1,0,guide,control,30.612,completed,,somewhat,,0,0,,0,0,1,132,0,How can you add page numbers to a Google Doc but start numbering from page 2 instead of page 1?
154,154,5,2,1,hide,extension,26.337,completed,,very,very,1,15,0.38,0,0,1,4239,0,hideo videos that have advance skills of badminton
163,163,0,0,0,find,extension,35.014,Dejima,True,very,very,1,0,,0,0,1,1358,0,Which small artificial island in Nagasaki Bay was used to confine foreign traders during Japan's isolation period?
152,152,4,2,0,hide,control,43.097,partial,,notsure,,0,1,0.167,0,0,5,4035,0,Hide advertisements
159,159,2,1,0,guide,extension,68.421,failed,,guessed,unused,3,0,,0,0,0,1459,0,How can you freeze the first row in a Google Sheet so it stays visible when scrolling?
162,162,1,0,1,find,extension,21.46,Approximately $2.08 billion,True,very,unused,1,0,,0,0,0,1518,0,How much did Taylor Swift earn from the Eras Tour?
158,158,1,0,1,find,extension,81.586,Quebrada Carhuasanta,True,somewhat,very,1,0,,0,0,0,0,0,Which stream emerges from Nevado Mismi before eventually contributing to the Apurímac River system?
162,162,2,1,0,guide,control,8.619,failed,,notsure,,0,0,,0,0,0,0,0,How can you highlight duplicate values in a column using conditional formatting?
160,160,2,1,0,guide,control,29.656,failed,,guessed,,0,0,,0,0,5,5694,0,How can you change the position of slide numbers for all slides in a Google Slides presentation?
163,163,1,0,1,find,control,25.712,About 0.5°F warmer,False,somewhat,,0,0,,0,0,1,661,0,How much has global temperature increased since the late 19th century?
152,152,5,2,1,hide,extension,40.159,completed,,somewhat,very,1,12,0.769,0,0,2,2918,0,hide negative comments about jobs
156,156,3,1,1,guide,extension,69.291,completed,,somewhat,somewhat,0,0,,0,0,0,63,4,How can you change the position of slide numbers for all slides in a Google Slides presentation?
157,157,2,1,0,guide,extension,139.161,partial,,somewhat,very,1,0,,0,0,2,2110,11,How can you create a view that only shows tasks marked as “Completed”?
161,161,2,1,0,guide,extension,93.615,completed,,somewhat,very,1,0,,0,0,19,9913,0,How can you move the price scale so it appears on the left side of the chart instead of the default position?
162,162,3,1,1,guide,extension,49.258,completed,,very,very,1,0,,0,0,3,3132,0,How can you add page numbers to a Google Doc but start numbering from page 2 instead of page 1?
163,163,2,1,0,guide,extension,61.174,partial,,very,very,1,0,,0,0,11,7290,1,How can you add page numbers to a Google Doc but start numbering from page 2 instead of page 1?
163,163,3,1,1,guide,control,2.897,failed,,guessed,,0,0,,0,0,0,0,0,How can you change the position of slide numbers for all slides in a Google Slides presentation?
162,162,4,2,0,hide,control,30.426,completed,,very,,0,5,0.167,0,0,6,6887,1,Hide advertisements
160,160,3,1,1,guide,extension,89.279,completed,,very,very,1,0,,0,0,2,2546,7,How can you create a view that only shows tasks marked as “Completed”?
158,158,2,1,0,guide,control,103.345,failed,,guessed,,0,0,,0,0,16,8607,0,Make the sprite move to the mouse pointer continuously.
155,155,5,2,1,hide,control,180.0,partial,,notsure,,0,34,1.0,0,0,50,20401,0,hide negative comments about taylor swift
156,156,4,2,0,hide,control,88.009,completed,,very,,0,6,0.75,0,0,9,6981,0,hide negative comments about this movie
163,163,4,2,0,hide,extension,21.315,failed,,notsure,not,1,0,0.0,0,0,0,1863,0,Hide posts about credit
159,159,3,1,1,guide,control,148.692,completed,,somewhat,,0,0,,0,0,40,26752,13,How can you add page numbers to a Google Doc but start numbering from page 2 instead of page 1?
157,157,3,1,1,guide,control,91.842,completed,,very,,0,0,,0,0,16,17066,0,How can you move the price scale so it appears on the left side of the chart instead of the default position?
162,162,5,2,1,hide,extension,27.946,completed,,notsure,somewhat,1,13,0.923,0,0,1,3301,0,hide negative comments about jobs
161,161,3,1,1,guide,control,87.216,failed,,guessed,,0,0,,0,0,5,8116,0,Make the sprite move to the mouse pointer continuously.
163,163,5,2,1,hide,control,2.144,partial,,guessed,,0,0,0.0,0,0,0,0,0,Hide negative comments about ronaldo
159,159,4,2,0,hide,extension,30.978,completed,,very,very,1,6,0.375,0,0,1,880,0,"Hide posts about openclaw or clawbot, etc"
157,157,4,2,0,hide,extension,34.927,completed,,very,very,1,13,0.833,0,0,1,948,0,Hide advertisements
161,161,4,2,0,hide,extension,64.879,completed,,very,very,1,10,1.0,0,0,3,5271,0,hide negative comments about this movie
158,158,3,1,1,guide,extension,120.92,completed,,very,very,1,0,,0,0,13,9457,0,How can you highlight duplicate values in a column using conditional formatting?
161,161,5,2,1,hide,control,45.819,partial,,notsure,,0,7,0.0,0,0,11,7385,0,Hide conference acceptance notifitcations
160,160,4,2,0,hide,control,180.013,partial,,somewhat,,0,59,0.35,0,0,67,24919,2,Hide videos that are not related to Optimal Transport
159,159,5,2,1,hide,control,111.443,partial,,notsure,,0,8,0.076,0,0,15,12608,1,hideo videos that have advance skills of badminton
157,157,5,2,1,hide,control,107.226,completed,,somewhat,,0,8,0.308,0,0,9,10100,2,hide negative comments about jobs
156,156,5,2,1,hide,extension,82.591,completed,,somewhat,somewhat,0,0,0.0,0,0,3,2447,5,Hide conference acceptance notifitcations
158,158,4,2,0,hide,control,133.018,partial,,somewhat,,0,15,0.0,0,0,0,0,0,Hide posts about credit
160,160,5,2,1,hide,extension,82.975,completed,,somewhat,somewhat,3,43,0.0,0,0,8,14879,0,hide negative comments about taylor swift
158,158,5,2,1,hide,extension,39.545,completed,,very,very,1,7,0.6,0,0,1,1399,0,Hide negative comments about ronaldo
170,170,0,0,0,find,control,22.374,About 2°F (1°C) warmer,True,somewhat,,0,0,,0,0,0,0,1,How much has global temperature increased since the late 19th century?
167,167,0,0,0,find,extension,52.885,This phase begins once the third review has been submitted,True,very,very,1,0,,0,0,0,849,0,when could the authors reply back to the reviewers comments
174,174,0,0,0,find,control,97.79,Lighting that allows playing at night,True,very,,0,0,,1,1,3,4828,0,What makes the Chanhassen Pickleball Complex appealing to players after sunset?
173,173,0,0,0,find,extension,23.474,It united European monarchies against France,True,somewhat,somewhat,1,0,,0,0,0,316,0,Why did the execution of Louis XVI intensify the conflict between revolutionary and counter-revolutionary forces?
171,171,0,0,0,find,extension,52.655,It has significantly increased over the decades,True,somewhat,very,1,0,,0,0,0,2716,0,How has the prevalence of diagnosed diabetes changed over time?
169,169,0,0,0,find,extension,8.34,About $500 million,False,somewhat,very,0,0,,0,0,0,0,0,How much did Taylor Swift earn from the Eras Tour?
171,171,1,0,1,find,control,29.51,Quebrada Carhuasanta,True,notsure,,0,0,,1,1,2,3586,0,Which stream emerges from Nevado Mismi before eventually contributing to the Apurímac River system?
172,172,0,0,0,find,control,165.934,Quebrada Carhuasanta,True,somewhat,,0,0,,0,0,0,0,0,Which stream emerges from Nevado Mismi before eventually contributing to the Apurímac River system?
170,170,1,0,1,find,extension,181.001,It has significantly increased over the decades,True,somewhat,unused,0,0,,1,3,5,14536,1,How has the prevalence of diagnosed diabetes changed over time?
167,167,1,0,1,find,control,130.582,Lighting that allows playing at night,True,somewhat,,0,0,,1,3,5,3152,0,What makes the Chanhassen Pickleball Complex appealing to players after sunset?
173,173,1,0,1,find,control,67.797,This phase begins once the third review has been submitted,True,somewhat,,0,0,,1,0,1,922,4,when could the authors reply back to the reviewers comments
169,169,1,0,1,find,control,85.638,Okinoshima,False,very,,0,0,,1,0,0,5267,0,Which small artificial island in Nagasaki Bay was used to confine foreign traders during Japan's isolation period?
174,174,1,0,1,find,extension,81.628,The net height was standardized and service rules changed,True,notsure,somewhat,1,0,,0,0,0,0,0,What is one major change in the rules compared with the early version of tennis?
170,170,2,1,0,guide,control,23.601,completed,,very,,0,0,,0,0,4,4412,0,How can you add page numbers to a Google Doc but start numbering from page 2 instead of page 1?
171,171,2,1,0,guide,extension,88.649,completed,,very,very,1,0,,0,0,5,5228,3,How can you create a view that only shows tasks marked as “Completed”?
171,171,3,1,1,guide,control,36.194,failed,,guessed,,0,0,,0,0,10,9063,0,How can you move the price scale so it appears on the left side of the chart instead of the default position?
172,172,1,0,1,find,extension,93.588,About 20% has been cleared or degraded,True,somewhat,somewhat,1,0,,0,0,0,1408,0,How much of the Amazon rainforest has been lost?
167,167,2,1,0,guide,extension,75.767,completed,,somewhat,very,1,0,,0,0,25,7033,2,How can you change the position of slide numbers for all slides in a Google Slides presentation?
173,173,2,1,0,guide,extension,95.683,completed,,very,very,1,0,,0,0,5,5762,0,How can you freeze the first row in a Google Sheet so it stays visible when scrolling?
171,171,4,2,0,hide,extension,24.63,completed,,very,very,1,11,1.0,0,0,1,2761,0,hide negative comments about this movie
174,174,2,1,0,guide,control,82.7,failed,,guessed,,0,0,,0,0,11,8600,1,How can you change the position of slide numbers for all slides in a Google Slides presentation?
169,169,2,1,0,guide,extension,125.117,completed,,somewhat,not,1,0,,0,0,11,18718,0,How can you highlight duplicate values in a column using conditional formatting?
171,171,5,2,1,hide,control,50.393,failed,,guessed,,0,1,0.0,0,0,6,5130,0,Hide conference acceptance notifitcations
169,169,3,1,1,guide,control,22.409,failed,,guessed,,0,0,,0,0,0,0,2,How can you add page numbers to a Google Doc but start numbering from page 2 instead of page 1?
170,170,3,1,1,guide,extension,180.999,failed,,notsure,unused,0,0,,0,1,68,54795,11,How can you change the position of slide numbers for all slides in a Google Slides presentation?
173,173,3,1,1,guide,control,110.617,completed,,somewhat,,0,0,,0,0,5,5361,6,How can you add page numbers to a Google Doc but start numbering from page 2 instead of page 1?
169,169,4,2,0,hide,extension,60.649,completed,,very,very,1,11,1.0,0,0,1,3438,0,"Hide posts about openclaw or clawbot, etc"
169,169,5,2,1,hide,control,29.497,failed,,guessed,,0,5,1.0,0,0,7,5086,0,hideo videos that have advance skills of badminton
173,173,4,2,0,hide,extension,53.833,completed,,somewhat,very,1,15,0.727,0,0,1,4002,0,Hide posts about credit
167,167,3,1,1,guide,control,180.002,failed,,guessed,,0,0,,1,0,4,4443,8,How can you create a view that only shows tasks marked as “Completed”?
172,172,2,1,0,guide,control,180.001,failed,,notsure,,0,0,,0,0,31,28216,0,Make the sprite move to the mouse pointer continuously.
174,174,3,1,1,guide,extension,180.002,partial,,somewhat,somewhat,1,0,,0,0,2,2156,6,How can you create a view that only shows tasks marked as “Completed”?
170,170,4,2,0,hide,control,108.787,partial,,somewhat,,0,20,0.158,0,0,22,15973,0,Hide videos that are not related to Optimal Transport
173,173,5,2,1,hide,control,83.782,partial,,notsure,,0,0,0.0,0,0,0,3010,0,Hide negative comments about ronaldo
172,172,3,1,1,guide,extension,67.858,failed,,notsure,not,1,0,,0,0,0,1751,0,How can you highlight duplicate values in a column using conditional formatting?
167,167,4,2,0,hide,extension,127.538,partial,,very,very,2,13,0.833,0,0,2,4377,0,Hide advertisements
172,172,4,2,0,hide,control,35.046,completed,,somewhat,,0,1,0.0,0,0,1,2321,1,Hide advertisements
167,167,5,2,1,hide,control,7.146,failed,,somewhat,,0,0,0.0,0,0,0,0,0,hide negative comments about jobs
170,170,5,2,1,hide,extension,137.88,completed,,notsure,very,1,15,0.0,0,3,94,24059,2,hide negative comments about taylor swift
172,172,5,2,1,hide,extension,28.934,completed,,very,very,1,13,0.692,0,0,1,1880,0,hide negative comments about jobs
174,174,4,2,0,hide,control,180.003,partial,,very,,0,14,0.625,0,0,19,18840,4,"Hide posts about openclaw or clawbot, etc"
174,174,5,2,1,hide,extension,180.003,completed,,somewhat,somewhat,2,15,0.481,0,0,1,1039,0,hideo videos that have advance skills of badminton
