name,task_id,task,website_url,ground truth,reference_length,level,popularity,use case
Amazon,0500fe6f898b47bdab057838b4da57b7,How do I update my amazon payment method?,https://www.amazon.com/,https://www.amazon.com/gp/help/customer/display.html?nodeId=GPVBVQ28CKHD7ZQW,4,Easy,high,Learning & Skill Transfer (Onboarding)
Amazon,2fa537b95e104288b728fe3993d56665,How do I return a gift?,https://www.amazon.com/,https://www.amazon.com/gp/help/customer/display.html?ref_=hp_left_v4_sib&nodeId=GMTDJ6XPUMN7NWNB,6,Medium,high,Learning & Skill Transfer (Onboarding)
Amazon,438da47f021248689bec8821819c6847,How do I cancel a subscription?,https://www.amazon.com/,https://www.amazon.com/gp/help/customer/display.html?nodeId=GU8AWX4GDKM7QGTE,4,Easy,high,Learning & Skill Transfer (Onboarding)
Amazon,96f079e8f72a4723813694ecec972aa4,How do I cancel an Amazon order?,https://www.amazon.com/,https://www.amazon.com/gp/help/customer/display.html?nodeId=GSL37WQTJZUYA9QE,5,Easy,high,Learning & Skill Transfer (Onboarding)
Apple ID,16e4b806bcb640879244982e69f78bf4,How do I reset my Apple ID password?,https://appleid.apple.com/,https://support.apple.com/en-us/HT201487,3,Easy,high,Learning & Skill Transfer (Onboarding)
Apple ID,03668bee48e345dda9eedb782308340f,How do I change my Apple ID email address?,https://appleid.apple.com/,https://support.apple.com/en-us/HT202667,6,Medium,high,Learning & Skill Transfer (Onboarding)
Apple ID,91226680addd41a49a35fc42b8adaa05,How do I turn on two-factor authentication?,https://appleid.apple.com/,https://support.apple.com/en-us/HT204915,3,Easy,high,Learning & Skill Transfer (Onboarding)
Apple ID,4ed1da92e61d4f6f88cd667fac735264,How do I change my Apple ID region or country?,https://appleid.apple.com/,https://support.apple.com/en-us/118283,4,Easy,high,Learning & Skill Transfer (Onboarding)
Canva,10eg1da92e61d4f6f88cd667fac323412,How do I update my email address in Canva?,https://www.canva.com/,https://www.canva.com/help/change-email/,6,Medium,high,Learning & Skill Transfer (Onboarding)
Canva,646f415642594354a368357d42fdf52c,How do I download a design as a PDF?,https://www.canva.com/,https://www.canva.com/help/download-flattened-pdf/,5,Easy,high,Learning & Skill Transfer (Onboarding)
Canva,0b15385d04954f82930a781960c2df20,How do I share a design?,https://www.canva.com/,https://www.canva.com/help/share-via-link-or-email/,5,Easy,high,Learning & Skill Transfer (Onboarding)
Canva,4a0938a0155c4cf1ae4f20cc11817048,How do I resize a design in Canva?,https://www.canva.com/,https://www.canva.com/help/resize/,5,Easy,high,Learning & Skill Transfer (Onboarding)
Discord,19c95b35326b488fa299bde3eeb01f13,How do I create a server?,https://discord.com/,https://support.discord.com/hc/en-us/articles/204849977-How-do-I-create-a-server,5,Easy,high,Learning & Skill Transfer (Onboarding)
Discord,dc5ad43ff9e04179946fef21154a344e,How do I change my nickname in the member's list?,https://discord.com/,https://support.discord.com/hc/en-us/articles/219070107-Server-Nicknames,3,Easy,high,Learning & Skill Transfer (Onboarding)
Discord,1bff7774a68c48a2b3b02def654f6e6c,How to sign up for Discord account?,https://discord.com/,https://support.discord.com/hc/en-us/articles/31676852332439-Discord-Sign-Up-and-Registration-Guide,3,Easy,high,Learning & Skill Transfer (Onboarding)
Discord,fa4b8a30d6994f34a427cd364b747372,How do I delete my Discord server?,https://discord.com/,https://support.discord.com/hc/en-us/articles/213595197-How-do-I-delete-a-server,4,Easy,high,Learning & Skill Transfer (Onboarding)
Dropbox,82978643f5af49f8927fc5584d9e99d4,How do I upload a file to Dropbox?,https://www.dropbox.com/,https://help.dropbox.com/create-upload/add-files,8,Medium,high,Learning & Skill Transfer (Onboarding)
Dropbox,e6b5cc0d05ba4533bc9f21ae5a30e368,How do I restore deleted files?,https://www.dropbox.com/,https://help.dropbox.com/delete-restore/recover-deleted-files-folders,4,Easy,high,Learning & Skill Transfer (Onboarding)
Dropbox,7a8cdf94c7b84818a673d364f39b55a5,How do I share a file?,https://www.dropbox.com/,https://help.dropbox.com/share/share-with-others,7,Medium,high,Learning & Skill Transfer (Onboarding)
Dropbox,c214a1a2492d44b8978b855f3d7d93e1,How do I change my Dropbox password?,https://www.dropbox.com/,https://help.dropbox.com/security/password-reset,7,Medium,high,Learning & Skill Transfer (Onboarding)
Facebook,050e55a48f8d4936b75d2b6827015749,How do I create a Facebook Page?,https://www.facebook.com/,https://www.facebook.com/help/104002523024878,11,Hard,high,Learning & Skill Transfer (Onboarding)
Facebook,a16041d69df7418a883d84495d9011cd,How do I block someone?,https://www.facebook.com/,https://www.facebook.com/help/1000976436606344,3,Easy,high,Learning & Skill Transfer (Onboarding)
Facebook,743dad88827847b48c97518d4348a94e,How do I change my privacy settings to private?,https://www.facebook.com/,https://www.facebook.com/help/193677450678703,3,Easy,high,Learning & Skill Transfer (Onboarding)
Facebook,13a25e3362134e698bb1b28cb223d773,How do I deactivate my Facebook account?,https://www.facebook.com/,https://www.facebook.com/help/214376678584711,3,Easy,high,Learning & Skill Transfer (Onboarding)
Gmail,b2c9f331f0a9496da771f927ca51c1e0,How do I turn on vacation responder?,https://mail.google.com/,https://support.google.com/mail/answer/25922,7,Medium,high,Learning & Skill Transfer (Onboarding)
Gmail,5609a15d80df4edcb30ce6340b08199f,How do I block an email address?,https://mail.google.com/,https://support.google.com/mail/answer/8151,3,Easy,high,Learning & Skill Transfer (Onboarding)
Gmail,11765c0e8e9743338ac28a7f6a76bef6,How do I create a signature?,https://mail.google.com/,https://support.google.com/mail/answer/8395,4,Easy,high,Learning & Skill Transfer (Onboarding)
Gmail,f743109350564b8ca32a29e57f735d0a,How do I set up email forwarding in Gmail?,https://mail.google.com/,https://support.google.com/mail/answer/10957?hl=en,14,Hard,high,Learning & Skill Transfer (Onboarding)
Google Account,146895096c7048cbbc07c35486f86ac3,How do I set up 2-Step Verification?,https://myaccount.google.com/,https://support.google.com/accounts/answer/185839,4,Easy,high,Learning & Skill Transfer (Onboarding)
Google Account,f0a5be0b05a34a5ba3e037959d843ad9,How do I change my password?,https://myaccount.google.com/,https://support.google.com/accounts/answer/41078,4,Easy,high,Learning & Skill Transfer (Onboarding)
Google Account,1046b340732b4c2280cf6cbabb8bac4d,How do I view my recent activity? ,https://myaccount.google.com/,https://support.google.com/accounts/answer/7028918?hl=en&sjid=11973146511794967024-NA,3,Easy,high,Learning & Skill Transfer (Onboarding)
Google Account,48b16459f1a54ab588d988ee015d3884,How to add payment method? ,https://myaccount.google.com/,https://support.google.com/accounts/answer/9244912?hl=en&ref_topic=7188671&sjid=11973146511794967024-NA,6,Medium,high,Learning & Skill Transfer (Onboarding)
Google Cloud,6145cc5670874848824ffd38698c4adb,How do I view projects linked to a billing account?,https://cloud.google.com/,https://docs.cloud.google.com/billing/docs/how-to/view-linked,3,Easy,high,Learning & Skill Transfer (Onboarding)
Google Cloud,6c7453ffe3b945b8b7bf34bfb48307dd,How do I create a Compute Engine VM instance?,https://cloud.google.com/,https://cloud.google.com/compute/docs/instances/create-start-instance,3,Easy,high,Learning & Skill Transfer (Onboarding)
Google Cloud,18b40baae8a54353aa1780af360c2d94,How do I create a new project?,https://cloud.google.com/,https://cloud.google.com/resource-manager/docs/creating-managing-projects,6,Medium,high,Learning & Skill Transfer (Onboarding)
Google Cloud,df987a5eec1e43f0931573a3f2d75205,How do I delete a Google Cloud project?,https://cloud.google.com/,https://cloud.google.com/resource-manager/docs/creating-managing-projects#shutting_down_projects,4,Easy,high,Learning & Skill Transfer (Onboarding)
Google Drive,23c7577b88dd4b6bb2098089d04b9ef6,How do I create a folder?,https://drive.google.com/,https://support.google.com/drive/answer/2375091,4,Easy,high,Learning & Skill Transfer (Onboarding)
Google Drive,c3009f86c17a41e4ad3a5cec0f876f2d,How do I upload files or folders?,https://drive.google.com/,https://support.google.com/drive/answer/2424368,3,Easy,high,Learning & Skill Transfer (Onboarding)
Google Drive,f500ffef572345d98c8aa1bfb6a461a9,How to share the files with visitors?,https://drive.google.com/,https://support.google.com/drive/answer/9195194?hl=en&ref_topic=7000947&sjid=11973146511794967024-NA,4,Easy,high,Learning & Skill Transfer (Onboarding)
Google Drive,c82e2e4861614fe9b46c1469b9dd4ca7,How do I view the version history of a file in Google Drive?,https://drive.google.com/,https://support.google.com/drive/answer/2409045?hl=en&co=GENIE.Platform%3DDesktop,4,Easy,high,Learning & Skill Transfer (Onboarding)
Google Sheet,03ed89f6ca514e7d9a07d51ced8a1f9f,How to print a sheet? ,https://sheets.google.com/,https://support.google.com/docs/answer/7663148?hl=en&ref_topic=9083762&sjid=18422575272471357581-NC,5,Easy,high,Learning & Skill Transfer (Onboarding)
Google Sheet,34c86deb7e42474cbe4b00c21775215d,How do I create a dropdown list?,https://sheets.google.com/,https://support.google.com/docs/answer/186103,11,Hard,high,Learning & Skill Transfer (Onboarding)
Google Sheet,988b325719134af59de2fdfd5939a974,How do I freeze rows and columns?,https://sheets.google.com/,https://support.google.com/docs/answer/9060449?hl=en&co=GENIE.Platform%3DDesktop,4,Easy,high,Learning & Skill Transfer (Onboarding)
Google Sheet,414afd35dd214a53a7cc12f665418d93,How do I wrap the text? ,https://sheets.google.com/,https://www.benlcollins.com/spreadsheets/how-to-wrap-text-in-google-sheets/,3,Easy,high,Learning & Skill Transfer (Onboarding)
Google Slide,a1b7e2b03c364ae1ae54b5fc20b5729f,How do I add a new slide?,https://slides.google.com/,https://support.google.com/docs/answer/1694830?hl=en&co=GENIE.Platform%3DDesktop,2,Easy,high,Learning & Skill Transfer (Onboarding)
Google Slide,c2de596441bb4961b4d93dc632c3303a,How do I present my slides?,https://slides.google.com/,https://support.google.com/docs/answer/1696787?hl=en&co=GENIE.Platform%3DDesktop,4,Easy,high,Learning & Skill Transfer (Onboarding)
Google Slide,6868d137548848dcb0d15c99e56bc572,How do I insert a video?,https://slides.google.com/,https://support.google.com/docs/answer/97447?hl=en&co=GENIE.Platform%3DDesktop,4,Easy,high,Learning & Skill Transfer (Onboarding)
Google Slide,8436869b61bf4980a1a79f3f601e73bc,How do I print a Google Slide presentation?,https://slides.google.com/,"https://www.customguide.com/course/google-slides/how-to-print-google-slides#:~:text=Click%20Print.,print%20and%20how%20many%20copies.",8,Medium,high,Learning & Skill Transfer (Onboarding)
GroupMe,34744ac06d61477d84dc73243256dc14,How do I change my profile picture?,https://groupme.com/,https://support.microsoft.com/en-us/office/how-do-i-change-an-avatar-profile-picture-in-groupme-745764b3-59f5-4c11-95b7-f1e64d01af2f#id0ebd=web,3,Easy,high,Learning & Skill Transfer (Onboarding)
GroupMe,f3977bb09bb44d2fab95a17fff61b1f1,How do I leave a group?,https://groupme.com/,https://support.microsoft.com/en-us/office/how-do-i-leave-or-end-a-group-in-groupme-8e87a5c2-8e98-4886-853d-aa01448c6084,3,Easy,high,Learning & Skill Transfer (Onboarding)
GroupMe,9b1b07dc1d49425bad24047cf9d1217a,How do I create a new group?,https://groupme.com/,https://support.microsoft.com/en-us/office/how-do-i-start-a-group-in-groupme-d7488e15-4429-43ff-85fa-a5c7775305e2#id0edd=web,4,Easy,high,Learning & Skill Transfer (Onboarding)
GroupMe,704877daaa894f3995a46c4db3b37b67,How do I delete a message in GroupMe?,https://groupme.com/,https://support.microsoft.com/en-us/office/how-do-i-delete-messages-in-groupme-80558c11-1cb0-4c9d-a8b0-62033d4adcb5,4,Easy,high,Learning & Skill Transfer (Onboarding)
Instagram,82db274f020e4380ac3663277a23268a,How do I make my account private?,https://www.instagram.com/,https://help.instagram.com/448523408565555,4,Easy,high,Learning & Skill Transfer (Onboarding)
Instagram,4034df4ecc0c4f0a9a98a3e337fee3e1,How do I unsend a message I have sent in instagram?,https://www.instagram.com/,https://help.instagram.com/795416058241092/?helpref=hc_fnav,4,Easy,high,Learning & Skill Transfer (Onboarding)
Instagram,ea81cf28411444cba630aa4a6c6a9e13,How do I block a user?,https://www.instagram.com/,https://help.instagram.com/426700567389543/,3,Easy,high,Learning & Skill Transfer (Onboarding)
Instagram,ed2cbe3295a4467094ac2b74f0b585f6,How do I delete a comment on my Instagram post?,https://www.instagram.com/,https://help.instagram.com/289098941190483,2,Easy,high,Learning & Skill Transfer (Onboarding)
LinkedIn,16eff762fe3446ed80c0c885a81fd84b,How do I turn on Open to Work?,https://www.linkedin.com/,https://www.linkedin.com/help/linkedin/answer/a507508,6,Medium,high,Learning & Skill Transfer (Onboarding)
LinkedIn,756709d64c1f4029837f2f22a198e306,How do I import Gmail contacts to Linkedin,https://www.linkedin.com/,https://www.linkedin.com/help/linkedin/answer/a10129019,5,Easy,high,Learning & Skill Transfer (Onboarding)
LinkedIn,f0fb7dce3a504eb599a76fb604f8fa2f,How do I add a new job to my profile?,https://www.linkedin.com/,https://www.linkedin.com/help/linkedin/answer/a550169,6,Medium,high,Learning & Skill Transfer (Onboarding)
LinkedIn,efdf90b5c9994572b9da916dc1642fc3,How do I create a LinkedIn company page?,https://www.linkedin.com/,https://www.linkedin.com/help/linkedin/answer/a543852,7,Medium,high,Learning & Skill Transfer (Onboarding)
Netflix,f4bd00394045418b8e3973d32df1c0a2,How do I create a new profile?,https://www.netflix.com/,https://help.netflix.com/en/node/10421,5,Easy,high,Learning & Skill Transfer (Onboarding)
Netflix,510ff9977a114857b0b931c1d7055015,How do I change my plan?,https://www.netflix.com/,https://help.netflix.com/en/node/22,3,Easy,high,Learning & Skill Transfer (Onboarding)
Netflix,1d3febe63f3e499c9efaf3aec55dd505,How do I download titles to watch offline?,https://www.netflix.com/,https://help.netflix.com/en/node/54816,3,Easy,high,Learning & Skill Transfer (Onboarding)
Netflix,fb6ce55b75bc46a1a213e7c9f0108277,How do I turn on subtitles in Netflix?,https://www.netflix.com/,https://help.netflix.com/en/node/372,4,Easy,high,Learning & Skill Transfer (Onboarding)
Notion,1fc0bc7ee3fa401d9408f35cf69b527f,How to add a member through a link?,https://www.notion.so/,https://www.notion.com/help/add-members-admins-guests-and-groups,5,Easy,high,Learning & Skill Transfer (Onboarding)
Notion,f8ea79df29404559bdf7623fb988a1fc,How do I create a database table from scratch in Notion?,https://www.notion.so/,https://www.notion.com/help/create-a-database,3,Easy,high,Learning & Skill Transfer (Onboarding)
Notion,05802e37594b48ca9e7f7c27e4843d7c,How to change your payment methods? ,https://www.notion.so/,https://www.notion.com/help/payment-methods,5,Easy,high,Learning & Skill Transfer (Onboarding)
Notion,c95102fa1fc94f4a949a4ed78f6abc6c,How to change your workspace settings?,https://www.notion.so/,https://www.notion.com/help/workspace-settings,4,Easy,high,Learning & Skill Transfer (Onboarding)
PayPal,4bfd289121ca453bb074fdf7b12cc5ff,How do I link a bank account?,https://www.paypal.com/,https://www.paypal.com/us/cshelp/article/how-do-i-link-a-bank-account-to-my-paypal-account-help183,5,Easy,high,Learning & Skill Transfer (Onboarding)
PayPal,f37870bb2b784e2286c536c5d117240e,How do I request a refund?,https://www.paypal.com/,https://www.paypal.com/us/cshelp/article/how-do-i-request-a-refund-help100,4,Easy,high,Learning & Skill Transfer (Onboarding)
PayPal,544b521eca8640acb0d38fb35c5734b8,How do I send money to friends and family?,https://www.paypal.com/,https://www.paypal.com/us/cshelp/article/how-do-i-send-money-help293,6,Medium,high,Learning & Skill Transfer (Onboarding)
PayPal,217029466e3d4086984f439dcd426638,How do I add a credit card to my PayPal account?,https://www.paypal.com/,https://www.paypal.com/us/cshelp/article/how-do-i-link-a-debit-or-credit-card-to-my-paypal-account-help155,3,Easy,high,Learning & Skill Transfer (Onboarding)
Pinterest,900abd1dd6914c4bb040e6f1b2161bc7,How do I create a new board?,https://www.pinterest.com/,https://help.pinterest.com/en/article/create-a-board,5,Easy,high,Learning & Skill Transfer (Onboarding)
Pinterest,67a5a6809fb7437e808c45155132e8c5,How do I save a Pin?,https://www.pinterest.com/,https://help.pinterest.com/en/article/save-pins-on-pinterest,3,Easy,high,Learning & Skill Transfer (Onboarding)
Pinterest,5f4b54055e3541a0b8376fd9a3c0f2cc,How do I make a board secret?,https://www.pinterest.com/,https://help.pinterest.com/en/article/secret-boards,6,Medium,high,Learning & Skill Transfer (Onboarding)
Pinterest,ee1a8eeda0aa47ea82689d53f9692d19,How do I delete a Pinterest board?,https://www.pinterest.com/,https://help.pinterest.com/en/article/archive-or-delete-a-board,5,Easy,high,Learning & Skill Transfer (Onboarding)
Quora,96c090de72f44bbbb01324310f9dffc8,How do I follow a topic?,https://www.quora.com/,https://help.quora.com/hc/en-us/articles/115004211503-How-do-I-follow-unfollow-topics-on-Quora,2,Easy,high,Learning & Skill Transfer (Onboarding)
Quora,941242579023448ea1d8106b619e90db,How do I answer a question?,https://www.quora.com/,https://help.quora.com/hc/en-us/articles/115004229886-How-do-I-write-an-answer-on-Quora,2,Easy,high,Learning & Skill Transfer (Onboarding)
Quora,966bb754a30b4d658401ad2e941f9056,How do I ask a question?,https://www.quora.com/,https://help.quora.com/hc/en-us/articles/115004229906-How-do-I-ask-a-question-on-Quora,3,Easy,high,Learning & Skill Transfer (Onboarding)
Quora,52f3d434643446e48111717c95c49c46,How do I delete my Quora account?,https://www.quora.com/,https://help.quora.com/hc/en-us/articles/115004250866-How-do-I-delete-my-Quora-account,3,Easy,high,Learning & Skill Transfer (Onboarding)
Reddit,7b54c5652fa04093ae9209b0c980a120,How do I create a subreddit?,https://www.reddit.com/,https://support.reddithelp.com/hc/en-us/articles/15484258409492-How-to-create-a-community,4,Easy,high,Learning & Skill Transfer (Onboarding)
Reddit,e29d97d3ee06417a989f820ac0e7a9a9,How do I turn off trending notifications?,https://www.reddit.com/,https://support.reddithelp.com/hc/en-us/articles/360043033972-How-do-I-turn-off-trending-notifications,2,Easy,high,Learning & Skill Transfer (Onboarding)
Reddit,4006686fb6564b0c85dd649c117c333a,How do I block another user?,https://www.reddit.com/,https://support.reddithelp.com/hc/en-us/articles/214548323-How-do-I-block-someone,3,Easy,high,Learning & Skill Transfer (Onboarding)
Reddit,c59e662adc0247b59a2610522c1fc372,How to report a post?,https://www.reddit.com/,https://support.reddithelp.com/hc/en-us/articles/360058309512-How-do-I-report-a-post-or-comment,2,Easy,high,Learning & Skill Transfer (Onboarding)
Snapchat,4019df57364f4054bc8401f5557c242a,How do I create a story?,https://www.snapchat.com/,https://help.snapchat.com/hc/en-us/articles/7012343640084-How-to-Create-a-Private-or-Shared-Story-on-Snapchat,3,Easy,high,Learning & Skill Transfer (Onboarding)
Snapchat,1fdfca2904744b7ca4fe52418b924b13,How do I change my username?,https://www.snapchat.com/,https://help.snapchat.com/hc/en-us/articles/7012349845140-How-do-I-change-my-Snapchat-username,6,Medium,high,Learning & Skill Transfer (Onboarding)
Snapchat,362c40ddbdb54df8b0ae844f29f3e364,How do I block a friend?,https://www.snapchat.com/,https://help.snapchat.com/hc/en-us/articles/7012401093396-How-do-I-block-a-friend-on-Snapchat,4,Easy,high,Learning & Skill Transfer (Onboarding)
Snapchat,137931bd3b2a4fcfba889bfb68304c6c,How do I change or delete My Selfie?,https://www.snapchat.com/,https://help.snapchat.com/hc/en-us/articles/25312335775380-What-is-My-Selfie#onboard-my-selfie,3,Easy,high,Learning & Skill Transfer (Onboarding)
Spotify,b7903458413b454cb860011c0a035271,How do I create a playlist?,https://www.spotify.com/,https://support.spotify.com/us/article/create-playlists/,5,Easy,high,Learning & Skill Transfer (Onboarding)
Spotify,1c671e3a57ec466aba38f4b22f10df0c,How do I download music for offline listening?,https://www.spotify.com/,https://support.spotify.com/us/article/listen-offline/,2,Easy,high,Learning & Skill Transfer (Onboarding)
Spotify,c5d33d05f9c5449c8108d376f5a5c64a,How do I change my profile picture?,https://www.spotify.com/,https://support.spotify.com/us/article/profile-picture/,4,Easy,high,Learning & Skill Transfer (Onboarding)
Spotify,e94c2b68bcd0467d8196ba10b0e2c5d5,How do I change my Spotify password?,https://www.spotify.com/,https://support.spotify.com/us/article/reset-password/,3,Easy,high,Learning & Skill Transfer (Onboarding)
Threads,e9722a60088443fbaf71ed4b434d6d96,How do I post a new thread?,https://www.threads.net/,https://help.instagram.com/1217144552251333,4,Easy,high,Learning & Skill Transfer (Onboarding)
Threads,68859e9b2fcf462fab42871a423b619a,How to edit your posts on Thread?,https://www.threads.net/,https://help.instagram.com/1502141467669555/?helpref=hc_fnav,6,Medium,high,Learning & Skill Transfer (Onboarding)
Threads,7d2934caee70464c88750c951f14d9c9,How do I mute someone on Threads?,https://www.threads.net/,https://help.instagram.com/631653008829384,2,Easy,high,Learning & Skill Transfer (Onboarding)
Threads,f4e7b4f6830e4ea1b4b84074dc3729ea,How do I hide the like count on my Threads post?,https://www.threads.net/,https://help.instagram.com/903842254009112,3,Easy,high,Learning & Skill Transfer (Onboarding)
Tiktok,4329da6d67aa4100ac59fde2a6641a3e,How do I change my profile picture?,https://www.tiktok.com/,https://www.tiktok.com/support/faq_detail?id=7581821549855038008,5,Easy,high,Learning & Skill Transfer (Onboarding)
Tiktok,b7259407f5624203af69b29ae865ad11,How do I upload a video?,https://www.tiktok.com/,https://www.tiktok.com/support/faq_detail?id=7581826684085606968,3,Easy,high,Learning & Skill Transfer (Onboarding)
Tiktok,6c929ca7a4354c949f9b8e930e4f1d66,How do I delete a video?,https://www.tiktok.com/,https://support.tiktok.com/en/using-tiktok/creating-videos/editing-posting-and-deleting,5,Easy,high,Learning & Skill Transfer (Onboarding)
Tiktok,46c3b9d892a343ac9d5cfe3d0e66a44f,How do I go live on TikTok?,https://www.tiktok.com/,https://www.tiktok.com/support/faq_detail?id=7543604790438451768,4,Easy,high,Learning & Skill Transfer (Onboarding)
WhatsApp,404b148cd8114b6592745df33fd61c03,How do I create a group chat?,https://www.whatsapp.com/,https://faq.whatsapp.com/3242937609289432/?cms_platform=web,4,Easy,high,Learning & Skill Transfer (Onboarding)
WhatsApp,bd6b5b62a9c54bd8940a41993d2d3243,How do I block a contact?,https://www.whatsapp.com/,https://faq.whatsapp.com/1142481766359885/?cms_platform=web,2,Easy,high,Learning & Skill Transfer (Onboarding)
WhatsApp,bf630634ed9743fdba5ef8c6377400b7,How to pin a chat?,https://www.whatsapp.com/,https://faq.whatsapp.com/645907560577342/?helpref=hc_fnav&cms_platform=web,2,Easy,high,Learning & Skill Transfer (Onboarding)
WhatsApp,53ae10183c19408f9edaaf20f303eb67,How do I mute a group chat in WhatsApp?,https://www.whatsapp.com/,https://faq.whatsapp.com/694350718331007/?cms_platform=web,4,Easy,high,Learning & Skill Transfer (Onboarding)
X,1ae07672266a4c8280a3ef8456c5ca68,How do I change my profile picture?,https://x.com/,https://help.x.com/en/managing-your-account/how-to-customize-your-profile,6,Medium,high,Learning & Skill Transfer (Onboarding)
X,d0f6178cf7d54069a6cae4bc00851beb,How do I send a direct message?,https://x.com/,https://help.x.com/en/using-x/direct-messages,6,Medium,high,Learning & Skill Transfer (Onboarding)
X,75d5060ba0cf4fd781ce2718feb0914d,How do I post a tweet?,https://x.com/,https://help.x.com/en/using-x/how-to-post,3,Easy,high,Learning & Skill Transfer (Onboarding)
X,df3f0a7fb4aa45dba498b027f61820fd,How do I mute an account on X?,https://x.com/,https://help.x.com/en/using-x/x-mute,3,Easy,high,Learning & Skill Transfer (Onboarding)
YouTube,777a02def1544f019d80ef3f4b91e023,How do I turn on subtitles or closed captions?,https://www.youtube.com/,https://support.google.com/youtube/answer/100078,4,Easy,high,Learning & Skill Transfer (Onboarding)
YouTube,144b7bd8748c4aac9fd5488547a8eb56,How do I upload a video to YouTube?,https://www.youtube.com/,https://support.google.com/youtube/answer/57407,3,Easy,high,Learning & Skill Transfer (Onboarding)
YouTube,972f630d639e44d8903735a5d4e82527,How do I create a playlist?,https://www.youtube.com/,https://support.google.com/youtube/answer/57792,4,Easy,high,Learning & Skill Transfer (Onboarding)
YouTube,9b6552606a8a4ac1ae95e4fb008cf423,How do I block someone from a mention notification?,https://www.youtube.com/,https://support.google.com/youtube/answer/7663906?hl=en&co=GENIE.Platform%3DAndroid,6,Medium,high,Learning & Skill Transfer (Onboarding)
Zoom,d7b798abd3ac43bd86fba287cb4a75ce,"How do I record, pause, resume and then stop the recording?",https://zoom.us/,https://support.zoom.com/hc/en/article?id=zm_kb&sysparm_article=KB0059856,6,Medium,high,Learning & Skill Transfer (Onboarding)
Zoom,63417645a22a40b9922829bc62ec65db,How do I share my screen?,https://zoom.us/,https://support.zoom.com/hc/en/article?id=zm_kb&sysparm_article=KB0060596,3,Easy,high,Learning & Skill Transfer (Onboarding)
Zoom,6e1f31fa46c342c9b4a784bf06b4aebc,How do I schedule a meeting?,https://zoom.us/,https://support.zoom.com/hc/en/article?id=zm_kb&sysparm_article=KB0060700,6,Medium,high,Learning & Skill Transfer (Onboarding)
Zoom,9776efa7e4014ff4a74874ff0a3a0f19,How do I change my Zoom virtual background before the meeting?,https://zoom.us/,https://support.zoom.com/hc/en/article?id=zm_kb&sysparm_article=KB0060387,8,Medium,high,Learning & Skill Transfer (Onboarding)
Outlook,1a2b3c4d5e6f47bdab057838b4da57b7,How do I create and add an email signature in Outlook?,https://outlook.live.com/,https://support.microsoft.com/en-us/office/create-and-add-a-signature-to-messages-8ee5d4f4-68fd-464a-a1c1-0e1c80bb27f2,7,Medium,high,Learning & Skill Transfer (Onboarding)
Outlook,2b3c4d5e6f7a47bdab057838b4da57b7,How do I send automatic out of office replies in Outlook?,https://outlook.live.com/,https://support.microsoft.com/en-us/office/send-automatic-replies-out-of-office-from-outlook-9742f476-5348-4f9f-997f-5e208513bd67,6,Medium,high,Learning & Skill Transfer (Onboarding)
Outlook,3c4d5e6f7a8b47bdab057838b4da57b7,How do I set up a rule to manage emails in Outlook?,https://outlook.live.com/,https://support.microsoft.com/en-us/office/set-up-rules-in-outlook-75ab719a-2ce8-49a7-a214-6d62b67cbd41,4,Easy,high,Learning & Skill Transfer (Onboarding)
Outlook,4d5e6f7a8b9c47bdab057838b4da57b7,How do I recall or replace a sent email in Outlook?,https://outlook.live.com/,https://support.microsoft.com/en-us/office/recall-or-replace-a-sent-email-in-outlook-8e564127-15a0-4cf6-b974-f2101f5e256e,6,Medium,high,Learning & Skill Transfer (Onboarding)
Google Docs,7b2c5f4a9d1e4f0bbd3a6c1e8f2a9c10,How do I create a new document in Google Docs?,https://docs.google.com/document/,https://support.google.com/docs/answer/7068618?hl=en,3,Easy,high,Learning & Skill Transfer (Onboarding)
Google Docs,1e9f0c2a4b8d4ad8a8b7d1f4c6e2a3b9,How do I share a Google Doc and set permissions (viewer/commenter/editor)?,https://docs.google.com/document/,https://support.google.com/docs/answer/2494822?hl=en#zippy=%2Cshare-a-single-file,5,Easy,high,Learning & Skill Transfer (Onboarding)
Google Docs,c4d6a2e9f0b14d8e9b2c1a7f3d5e6c01,How do I add comments (and action items) in Google Docs?,https://docs.google.com/document/,https://support.google.com/docs/answer/65129?hl=en#zippy=%2Cadd-a-comment,5,Easy,high,Learning & Skill Transfer (Onboarding)
Google Docs,0a7c3e1f9b2d4c8e8f6a1d3c5b7e9a2d,How do I download/export a Google Doc as a PDF?,https://docs.google.com/document/,https://support.google.com/docs/answer/49114?hl=en#zippy=%2Cdownload-a-copy-of-a-file,4,Easy,high,Learning & Skill Transfer (Onboarding)
MS PowerPoint,c7d8e9f0a1b2c3d4e5f6a7b8c9d0e1f2,How do I set the timing and speed of a slide transition?,https://www.microsoft365.com/launch/powerpoint,https://support.microsoft.com/en-us/office/set-the-timing-and-speed-of-a-transition-c3c3c66f-4cca-4821-b8b9-7de0f3f6ead1#id0ebbf=macos,2,Easy,high,Presentation & Formatting
MS PowerPoint,d8e9f0a1b2c3d4e5f6a7b8c9d0e1f2a3,How do I print my presentation with speaker notes?,https://www.microsoft365.com/launch/powerpoint,https://support.microsoft.com/en-us/office/print-speaker-notes-c7231a54-4ac8-4479-9199-6005a40efa2a,4,Easy,high,Learning & Skill Transfer (Onboarding)
MS PowerPoint,e9f0a1b2c3d4e5f6a7b8c9d0e1f2a3b4,How do I insert a video file from my computer into a slide?,https://www.microsoft365.com/launch/powerpoint,https://support.microsoft.com/en-us/office/insert-and-play-a-video-file-from-your-computer-f3fcbd3e-5f86-4320-8aea-31bff480ed02#officeversion=web,4,Medium,high,Presentation & Formatting
MS PowerPoint,f0a1b2c3d4e5f6a7b8c9d0e1f2a3b4c5,How do I start my slide show and use Presenter View?,https://www.microsoft365.com/launch/powerpoint,https://support.microsoft.com/en-us/office/present-your-slide-show-894dc1d0-44ec-4026-8b90-ea6a9787e291#officeversion=web,5,Easy,high,Learning & Skill Transfer (Onboarding)
MS Excel,1d3860bb44dd4fe6b41778ccf73404a3,How do I create a new workbook from the left sidebar in Excel for the web?,https://www.office.com/launch/excel,https://support.microsoft.com/en-us/office/quick-tips-get-work-done-with-excel-for-the-web-49a8a468-227f-417b-92c4-fd247a93a62d,2,Easy,high,Learning & Skill Transfer (Onboarding)
MS Excel,a1a5c42b4c26475cb5c2798c2c141276,How to open a workbook in Excel?,https://www.office.com/launch/excel,https://www.customguide.com/course/excel/how-to-open-a-workbook-in-excel,3,Easy,high,Learning & Skill Transfer (Onboarding)
MS Excel,6e6ab08735294b2e82438c760a7d5d71,How do I open a file that someone shared with me in Excel for the web?,https://www.office.com/launch/excel,https://support.microsoft.com/en-us/office/see-files-others-have-shared-with-you-e0476dc7-bf2f-4203-b9ad-c809578b03e7,2,Easy,high,Learning & Skill Transfer (Onboarding)
MS Excel,a7637cf059504db39e2500fd8da1b36f,How do I share a link online in the web Excel version?,https://www.office.com/launch/excel,https://support.microsoft.com/en-us/office/create-a-calendar-by-using-a-template-91804e1f-360b-4bf9-b21d-103a25a84868#id0ebbh=web,4,Easy,high,Learning & Skill Transfer (Onboarding)