"Timestamp","It is difficult for me to solve the FIND tasks if I were to solve it without XWebAgent","XWebAgent makes FIND tasks much easier for me to solve ","XWebAgent can correctly locate the information needed for FIND tasks ","it is difficult for me to solve the GUIDE task if I were to solve it without XWebAgent","XWebAgent makes GUIDE task much easier for me to solve","XWebAgent gives the correct guidance for GUIDE task","It is difficult for me to solve the HIDE task if I were to solve it without XWebAgent","XWebAgent makes HIDE task much easier for me to solve"
"2026/03/20 11:27:57 AM EST","6","5","7","6","7","7","5","5"
"2026/03/20 12:15:45 PM EST","3","6","6","3","5","6","6","7"
"2026/03/20 5:57:05 PM EST","6","6","6","4","6","6","4","6"
"2026/03/20 9:03:00 PM EST","2","5","6","7","6","7","7","7"
"2026/03/23 8:25:12 AM EST","3","2","5","2","2","2","6","6"
"2026/03/23 9:16:48 AM EST","2","6","6","4","5","5","5","5"
"2026/03/23 9:56:22 AM EST","4","6","6","4","6","6","6","7"
"2026/03/23 2:08:33 PM EST","5","4","5","5","6","6","7","1"
"2026/03/23 2:12:08 PM EST","5","7","7","5","7","7","5","7"
"2026/03/23 2:13:33 PM EST","3","6","6","4","4","3","5","6"
"2026/03/23 2:16:57 PM EST","5","7","7","4","4","4","6","2"
"2026/03/23 2:17:07 PM EST","4","5","5","3","6","6","3","6"
"2026/03/23 2:20:24 PM EST","2","4","5","5","1","","5","6"
"2026/03/23 2:22:49 PM EST","4","7","7","7","7","6","7","7"
"2026/03/23 3:06:22 PM EST","2","5","6","1","2","3","7","7"
"2026/03/23 5:58:57 PM EST","5","5","6","5","5","5","4","5"
"2026/03/23 6:24:20 PM EST","5","7","5","3","5","5","4","6"
"2026/03/23 6:53:06 PM EST","7","7","7","7","7","7","7","7"
"2026/03/24 10:45:14 AM EST","","7","5","7","7","5","4","6"